consultant_id,first_name,last_name,location_city,location_state,work_authorization_status,willing_to_relocate,remote_preference,years_experience,primary_role,secondary_role,technical_skills,business_domain_experience,certifications,education_level,highest_degree_field,programming_languages,cloud_platforms,data_tools,devops_tools,testing_tools,project_experience_summary,resume_text,behavioral_assessment_score,communication_score,problem_solving_score,teamwork_score,adaptability_score,leadership_score,availability_date,preferred_contract_type,salary_expectation_range,previous_client_rating,bench_status,notes
C-001,Wei,Tran,San Diego,CA,EAD - No Sponsorship Required,No,Hybrid,2,Business Analyst,Scrum Master,UAT Planning|BPMN|Data Analysis|User Story Writing|Gap Analysis|Sprint Planning,Banking|Insurance,,Master's,Information Systems,SQL,,Jira|Excel,Azure DevOps Boards,UAT Test Scripts,"Facilitated discovery workshops and process mapping for a Insurance operations modernization, cutting handoff steps by a third.","Junior Business Analyst with 2 years of experience across Insurance. Facilitated discovery workshops and process mapping for a Insurance operations modernization, cutting handoff steps by a third. Core stack: UAT Planning, BPMN, Data Analysis, User Story Writing, SQL, Azure DevOps Boards, UAT Test Scripts. No formal certifications listed. Comfortable in Agile delivery teams and client-facing environments.",3.4,3.4,4.0,4.1,3.1,2.6,2026-10-18,W2 Hourly,$42-52/hr,,On Project,Consistently strong delivery feedback; low placement risk.
C-002,Emily,Rowan,Raleigh,NC,US Citizen,Yes,Hybrid,1,Business Analyst,Scrum Master,UAT Planning|Requirements Elicitation|User Story Writing|Wireframing|BPMN|Scrum Facilitation,Banking|Public Sector,ECBA,Associate,Economics,SQL,,Tableau|Confluence,Azure DevOps Boards,UAT Test Scripts,"Facilitated discovery workshops and process mapping for a Public Sector operations modernization, cutting handoff steps by a third.","Junior Business Analyst with 1 years of experience across Public Sector. Facilitated discovery workshops and process mapping for a Public Sector operations modernization, cutting handoff steps by a third. Core stack: UAT Planning, Requirements Elicitation, User Story Writing, Wireframing, SQL, Azure DevOps Boards, UAT Test Scripts. Certifications: ECBA. Comfortable in Agile delivery teams and client-facing environments.",3.2,3.2,3.1,3.4,3.3,2.8,2026-08-12,C2C,$42-52/hr,,Available - On Bench,Reliable delivery record on recent engagements.
C-003,Melissa,Alvarado,St. Louis,MO,US Citizen,No,Remote Preferred,8,Business Analyst,Scrum Master,BPMN|User Story Writing|Wireframing|Gap Analysis|Process Mapping|UAT Planning|Scrum Facilitation|Sprint Planning,Logistics|Retail,CSPO,Bachelor's,Information Systems,SQL,,Visio|Tableau|Confluence,Azure DevOps Boards,UAT Test Scripts,Owned backlog grooming and gap analysis for a Retail platform migration serving 4 business units.,"Mid-level Business Analyst with 8 years of experience across Logistics, Retail. Owned backlog grooming and gap analysis for a Retail platform migration serving 4 business units. Core stack: BPMN, User Story Writing, Wireframing, Gap Analysis, SQL, Azure DevOps Boards, UAT Test Scripts. Certifications: CSPO. Comfortable in Agile delivery teams and client-facing environments.",3.6,2.5,4.3,3.3,3.7,4.1,2026-08-28,C2C,$58-72/hr,4.1,Available - On Bench,Deep technical strength; coach on client-facing communication before interviews.
C-004,Wei,Nakamura,Milwaukee,WI,US Citizen,No,Remote Preferred,7,Business Analyst,Product Analyst,Workshop Facilitation|UAT Planning|Stakeholder Management|Requirements Elicitation|User Research,Energy|Manufacturing,PMI-PBA|CBAP,Master's,Economics,SQL,,Tableau|Visio,Azure DevOps Boards,UAT Test Scripts,"Led requirements and UAT for a Energy payments modernization program, translating stakeholder needs into 200+ user stories.","Mid-level Business Analyst with 7 years of experience across Energy, Manufacturing. Led requirements and UAT for a Energy payments modernization program, translating stakeholder needs into 200+ user stories. Core stack: Workshop Facilitation, UAT Planning, Stakeholder Management, Requirements Elicitation, SQL, Azure DevOps Boards, UAT Test Scripts. Certifications: PMI-PBA, CBAP. Comfortable in Agile delivery teams and client-facing environments.",4.2,4.5,4.1,4.8,4.5,3.0,2026-09-17,W2 Hourly,$58-72/hr,3.6,Rolling Off Current Project,Excellent client presence and soft skills; pair with a technical anchor on complex builds.
C-005,Katie,Radcliffe,Boston,MA,US Citizen,Yes,Remote Preferred,2,Business Analyst,Product Analyst,Workshop Facilitation|Requirements Elicitation|Wireframing|UAT Planning|Funnel Analysis,FinTech,CSPO|CCBA,Bachelor's,Economics,SQL,,Jira|Excel,Azure DevOps Boards,UAT Test Scripts,Owned backlog grooming and gap analysis for a FinTech platform migration serving 4 business units.,"Junior Business Analyst with 2 years of experience across FinTech. Owned backlog grooming and gap analysis for a FinTech platform migration serving 4 business units. Core stack: Workshop Facilitation, Requirements Elicitation, Wireframing, UAT Planning, SQL, Azure DevOps Boards, UAT Test Scripts. Certifications: CSPO, CCBA. Comfortable in Agile delivery teams and client-facing environments.",3.1,2.9,3.6,2.8,3.5,2.8,2026-08-31,W2 Hourly,$42-52/hr,,Notice Period,Recently certified; limited hands-on project depth so far - good for supervised roles.
C-006,James,Calloway,Milwaukee,WI,H-1B - Employer Sponsorship/Transfer Required,No,Hybrid,7,Business Analyst,Scrum Master,BPMN|Stakeholder Management|Process Mapping|User Story Writing|UAT Planning|Data Analysis|Agile Coaching|Team Metrics & Reporting,Healthcare|Public Sector,,Bachelor's,Business Administration,SQL,,Jira|Confluence|Power BI,Azure DevOps Boards,UAT Test Scripts,"Facilitated discovery workshops and process mapping for a Healthcare operations modernization, cutting handoff steps by a third.",bpmn / stakeholder management / process mapping / sql / azure devops boards ; 7 yrs exp ; open to hybrid ; rate negotiable,3.5,3.8,4.0,3.7,3.0,3.1,2026-08-18,1099,$58-72/hr,,Available - On Bench,Profile incomplete - awaiting updated resume and assessment results from consultant.
C-007,Sanjay,Duval,San Diego,CA,US Citizen,No,Hybrid,13,Business Analyst,Product Analyst,Workshop Facilitation|Requirements Elicitation|UAT Planning|Data Analysis|Process Mapping|User Story Writing|Gap Analysis|Wireframing|BPMN|Dashboarding|Cohort Analysis,Logistics|Retail|Public Sector,CBAP|PMI-PBA,Bachelor's,Business Administration,SQL,,Jira|Tableau|Visio|Power BI,Azure DevOps Boards,UAT Test Scripts,Owned backlog grooming and gap analysis for a Logistics platform migration serving 4 business units.,"Senior Business Analyst with 13 years of experience across Logistics, Retail, Public Sector. Owned backlog grooming and gap analysis for a Logistics platform migration serving 4 business units. Core stack: Workshop Facilitation, Requirements Elicitation, UAT Planning, Data Analysis, SQL, Azure DevOps Boards, UAT Test Scripts. Certifications: CBAP, PMI-PBA. Comfortable in Agile delivery teams and client-facing environments.",4.2,4.2,4.5,3.9,3.8,4.4,2026-09-14,W2 Hourly,$78-92/hr,3.7,Rolling Off Current Project,Reliable delivery record on recent engagements.
C-008,Erin,Marsh,Nashville,TN,US Citizen,No,Hybrid,14,Business Analyst,Scrum Master,Wireframing|Gap Analysis|Stakeholder Management|Requirements Elicitation|Data Analysis|UAT Planning|Workshop Facilitation|Process Mapping|BPMN|Backlog Refinement|Scrum Facilitation,Energy|Manufacturing|Banking,CSPO|SAFe POPM,Bachelor's,Economics,SQL,,Jira|Visio|Tableau|Excel,Azure DevOps Boards,UAT Test Scripts,"Facilitated discovery workshops and process mapping for a Manufacturing operations modernization, cutting handoff steps by a third.","Senior Business Analyst with 14 years of experience across Energy, Manufacturing, Banking. Facilitated discovery workshops and process mapping for a Manufacturing operations modernization, cutting handoff steps by a third. Core stack: Wireframing, Gap Analysis, Stakeholder Management, Requirements Elicitation, SQL, Azure DevOps Boards, UAT Test Scripts. Certifications: CSPO, SAFe POPM. Comfortable in Agile delivery teams and client-facing environments.",4.4,4.4,4.5,4.6,4.2,4.4,2026-08-19,1099,$78-92/hr,4.1,Available - On Bench,Consistently strong delivery feedback; low placement risk.
C-009,Fatima,Chandler,Portland,OR,US Citizen,Yes,Remote Preferred,1,Quality Assurance Analyst,Software Developer in Test,Test Data Management|API Automation|Accessibility Testing|Test Case Design|Test Planning|UI Automation,Public Sector,ISTQB Foundation,Associate,Information Systems,Python,AWS,Jira|Excel,Jenkins|Azure DevOps,Zephyr|Selenium,Coordinated UAT cycles and test data management for a Public Sector core system upgrade.,"Junior Quality Assurance Analyst with 1 years of experience across Public Sector. Coordinated UAT cycles and test data management for a Public Sector core system upgrade. Core stack: Test Data Management, API Automation, Accessibility Testing, Test Case Design, Python, AWS, Jenkins, Azure DevOps, Zephyr. Certifications: ISTQB Foundation. Comfortable in Agile delivery teams and client-facing environments.",3.2,2.8,3.5,3.0,4.2,2.4,2026-09-15,C2C,$38-48/hr,,Rolling Off Current Project,Reliable delivery record on recent engagements.
C-010,Sanjay,Middleton,Columbus,OH,US Permanent Resident (Green Card),Yes,Remote Only,6,Quality Assurance Analyst,Business Analyst,API Automation|Accessibility Testing|Test Planning|Exploratory Testing|Test Case Design|Defect Triage|UAT Planning|Data Analysis,Retail|Logistics,ISTQB Advanced Test Analyst,Master's,Computer Science,SQL|Python,AWS,Jira|Confluence|Excel,Azure DevOps|Jenkins,Zephyr|Selenium|Postman,Coordinated UAT cycles and test data management for a Retail core system upgrade.,"Mid-level Quality Assurance Analyst with 6 years of experience across Retail, Logistics. Coordinated UAT cycles and test data management for a Retail core system upgrade. Core stack: API Automation, Accessibility Testing, Test Planning, Exploratory Testing, SQL, Python, AWS, Azure DevOps, Jenkins, Zephyr. Certifications: ISTQB Advanced Test Analyst. Comfortable in Agile delivery teams and client-facing environments.",3.6,2.5,4.1,4.2,3.9,3.3,2026-08-31,1099,$52-64/hr,4.4,Available - On Bench,Deep technical strength; coach on client-facing communication before interviews.
C-011,Diego,Vega,Nashville,TN,US Citizen,No,Hybrid,6,Quality Assurance Analyst,Software Developer in Test,Test Data Management|Exploratory Testing|Accessibility Testing|Mobile Test Automation|Test Automation Framework Design,Energy|Manufacturing,Certified Agile Tester|ISTQB Foundation,Bachelor's,Information Systems,Python|SQL,AWS,Jira|Excel,Jenkins|Azure DevOps,Selenium|qTest,"Built and executed regression suites for a Energy claims platform, tracking 1,500+ test cases in TestRail.","Mid-level Quality Assurance Analyst with 6 years of experience across Energy, Manufacturing. Built and executed regression suites for a Energy claims platform, tracking 1,500+ test cases in TestRail. Core stack: Test Data Management, Exploratory Testing, Accessibility Testing, Mobile Test Automation, Python, SQL, AWS, Jenkins, Azure DevOps, Selenium. Certifications: Certified Agile Tester, ISTQB Foundation. Comfortable in Agile delivery teams and client-facing environments.",4.5,4.9,3.9,4.8,4.8,3.9,2026-08-20,W2 or C2C,$52-64/hr,4.7,Available - On Bench,Excellent client presence and soft skills; pair with a technical anchor on complex builds.
C-012,Dana,Radcliffe,San Diego,CA,US Citizen,No,Remote Preferred,1,Quality Assurance Analyst,Software Developer in Test,Test Planning|Defect Triage|Accessibility Testing|API Automation|Performance Testing,Banking,ISTQB Foundation|ISTQB Advanced Test Analyst,Master's,Information Systems,Python,AWS,Confluence|Jira,Jenkins|Azure DevOps,qTest|Zephyr,"Built and executed regression suites for a Banking claims platform, tracking 1,500+ test cases in TestRail.","Junior Quality Assurance Analyst with 1 years of experience across Banking. Built and executed regression suites for a Banking claims platform, tracking 1,500+ test cases in TestRail. Core stack: Test Planning, Defect Triage, Accessibility Testing, API Automation, Python, AWS, Jenkins, Azure DevOps, qTest. Certifications: ISTQB Foundation, ISTQB Advanced Test Analyst. Comfortable in Agile delivery teams and client-facing environments.",3.1,3.4,3.2,2.7,3.6,2.6,2026-09-11,1099,$38-48/hr,4.7,Notice Period,Recently certified; limited hands-on project depth so far - good for supervised roles.
C-013,Sarah,Grimes,Phoenix,AZ,US Citizen,No,Remote Only,8,Quality Assurance Analyst,Software Developer in Test,Test Data Management|Exploratory Testing|Defect Triage|API Automation|Test Case Design|Accessibility Testing|UI Automation|Mobile Test Automation,Public Sector|Healthcare,,,,SQL|Python,AWS,Confluence|Excel|Jira,Jenkins|Azure DevOps,TestRail|Selenium|Postman,Coordinated UAT cycles and test data management for a Healthcare core system upgrade.,QUALITY ASSURANCE ANALYST - 8+ yrs. test data management / exploratory testing / defect triage / sql / jenkins. refs avail on request. see attached doc (missing).,3.5,3.6,4.0,3.5,3.4,3.2,2026-09-04,W2 Salaried (FTE conversion open),$52-64/hr,,Rolling Off Current Project,Profile incomplete - awaiting updated resume and assessment results from consultant.
C-014,Ravi,Sato,Boston,MA,US Permanent Resident (Green Card),Yes,Flexible,11,Quality Assurance Analyst,Software Developer in Test,Test Data Management|Accessibility Testing|Defect Triage|Test Planning|Exploratory Testing|Test Case Design|API Automation|Regression Testing|Performance Testing|Mobile Test Automation,Telecom|Retail,ISTQB Foundation|Certified Agile Tester|ISTQB Advanced Test Analyst,Associate,Computer Science,SQL|Python,AWS,Confluence|Excel|Jira,Azure DevOps|Jenkins,Selenium|Postman|Zephyr|TestRail,Drove defect triage and API test coverage for a Retail customer portal release train.,"Senior Quality Assurance Analyst with 11 years of experience across Telecom, Retail. Drove defect triage and API test coverage for a Retail customer portal release train. Core stack: Test Data Management, Accessibility Testing, Defect Triage, Test Planning, SQL, Python, AWS, Azure DevOps, Jenkins, Selenium. Certifications: ISTQB Foundation, Certified Agile Tester, ISTQB Advanced Test Analyst. Comfortable in Agile delivery teams and client-facing environments.",3.8,3.4,3.7,3.9,3.8,4.2,2026-08-20,C2C,$68-80/hr,4.1,Available - On Bench,Reliable delivery record on recent engagements.
C-015,Olivia,Thackeray,Chicago,IL,US Permanent Resident (Green Card),No,Onsite OK,11,Quality Assurance Analyst,Software Developer in Test,Test Planning|Exploratory Testing|Regression Testing|API Automation|Accessibility Testing|Defect Triage|Test Case Design|Test Data Management|Performance Testing|Mobile Test Automation,Energy|Manufacturing,ISTQB Foundation|Certified Agile Tester|ISTQB Advanced Test Analyst,Bachelor's,Software Engineering,SQL|Python,AWS,Excel|Jira|Confluence,Jenkins|Azure DevOps,qTest|TestRail|JMeter|Postman,Coordinated UAT cycles and test data management for a Manufacturing core system upgrade.,"Senior Quality Assurance Analyst with 11 years of experience across Energy, Manufacturing. Coordinated UAT cycles and test data management for a Manufacturing core system upgrade. Core stack: Test Planning, Exploratory Testing, Regression Testing, API Automation, SQL, Python, AWS, Jenkins, Azure DevOps, qTest. Certifications: ISTQB Foundation, Certified Agile Tester, ISTQB Advanced Test Analyst. Comfortable in Agile delivery teams and client-facing environments.",4.3,4.5,4.0,4.8,4.2,4.2,2026-09-15,1099,$68-80/hr,4.6,Notice Period,Consistently strong delivery feedback; low placement risk.
C-016,Olivia,Duval,Salt Lake City,UT,US Permanent Resident (Green Card),No,Remote Only,1,Quality Assurance Analyst,Software Developer in Test,Test Case Design|Regression Testing|Test Planning|Test Data Management|API Automation|API Automation,FinTech,Certified Agile Tester,Bachelor's,Computer Science,Python,AWS,Confluence|Jira,Jenkins|Azure DevOps,Zephyr|TestRail,Drove defect triage and API test coverage for a FinTech customer portal release train.,"Junior Quality Assurance Analyst with 1 years of experience across FinTech. Drove defect triage and API test coverage for a FinTech customer portal release train. Core stack: Test Case Design, Regression Testing, Test Planning, Test Data Management, Python, AWS, Jenkins, Azure DevOps, Zephyr. Certifications: Certified Agile Tester. Comfortable in Agile delivery teams and client-facing environments.",3.5,3.1,3.6,3.9,3.8,3.1,2026-08-15,1099,$38-48/hr,4.2,Available - On Bench,Consistently strong delivery feedback; low placement risk.
C-017,Dana,Rosales,Austin,TX,US Citizen,No,Remote Only,7,DevOps Engineer,Software Developer in Test,Site Reliability Engineering|Infrastructure as Code|Scripting|Monitoring|Containerization|Linux Administration|Performance Testing|UI Automation,Logistics|Retail,AWS DevOps Engineer Professional,Bachelor's,Computer Engineering,Go|Bash,GCP,Splunk,Jenkins|Terraform|GitLab CI,,Ran SRE and observability rollout (Prometheus/Grafana) for a Retail payments platform with 99.9% uptime targets.,"Mid-level DevOps Engineer with 7 years of experience across Logistics, Retail. Ran SRE and observability rollout (Prometheus/Grafana) for a Retail payments platform with 99.9% uptime targets. Core stack: Site Reliability Engineering, Infrastructure as Code, Scripting, Monitoring, Go, Bash, GCP, Jenkins, Terraform. Certifications: AWS DevOps Engineer Professional. Comfortable in Agile delivery teams and client-facing environments.",3.6,1.9,4.3,3.5,4.1,4.0,2026-08-25,W2 or C2C,$75-90/hr,4.1,Available - On Bench,Deep technical strength; coach on client-facing communication before interviews.
C-018,Courtney,Beaumont,St. Louis,MO,US Citizen,No,Remote Only,6,DevOps Engineer,Software Developer in Test,Infrastructure as Code|Containerization|GitOps|Test Automation Framework Design|Contract Testing,Energy|Manufacturing,Azure DevOps Engineer (AZ-400),Master's,Computer Engineering,Python|PowerShell,AWS,Splunk,ArgoCD|Terraform,,Migrated legacy build systems to GitHub Actions and containerized 25 services for a Energy platform team.,"Mid-level DevOps Engineer with 6 years of experience across Energy, Manufacturing. Migrated legacy build systems to GitHub Actions and containerized 25 services for a Energy platform team. Core stack: Infrastructure as Code, Containerization, GitOps, Test Automation Framework Design, Python, PowerShell, AWS, ArgoCD, Terraform. Certifications: Azure DevOps Engineer (AZ-400). Comfortable in Agile delivery teams and client-facing environments.",4.3,4.6,4.1,4.7,4.6,3.7,2026-09-18,W2 Salaried (FTE conversion open),$75-90/hr,3.8,Rolling Off Current Project,Excellent client presence and soft skills; pair with a technical anchor on complex builds.
C-019,Carlos,Okonkwo,Dallas,TX,US Citizen,No,Onsite OK,1,DevOps Engineer,Software Developer in Test,Containerization|Kubernetes|GitOps|Scripting|BDD,FinTech,Azure Administrator (AZ-104)|AWS SysOps Administrator,Bachelor's,Information Technology,Python,GCP,Splunk,Prometheus|GitLab CI,,Migrated legacy build systems to GitHub Actions and containerized 25 services for a FinTech platform team.,"Junior DevOps Engineer with 1 years of experience across FinTech. Migrated legacy build systems to GitHub Actions and containerized 25 services for a FinTech platform team. Core stack: Containerization, Kubernetes, GitOps, Scripting, Python, GCP, Prometheus, GitLab CI. Certifications: Azure Administrator (AZ-104), AWS SysOps Administrator. Comfortable in Agile delivery teams and client-facing environments.",3.5,3.6,4.0,3.5,3.5,3.0,2026-09-14,W2 Hourly,$55-68/hr,,Rolling Off Current Project,Recently certified; limited hands-on project depth so far - good for supervised roles.
C-020,Melissa,Boulos,Charlotte,NC,US Citizen,No,Remote Preferred,8,DevOps Engineer,Cloud Engineer,Scripting|Linux Administration|Release Management|Infrastructure as Code|GitOps|Monitoring|Disaster Recovery|Cost Optimization,Public Sector|Healthcare,Azure Administrator (AZ-104),Bachelor's,Computer Science,Bash|Python,Azure,Splunk,Helm|GitLab CI|Datadog,,"Designed CI/CD pipelines and Terraform modules for a Healthcare client, standing up EKS clusters for 40+ microservices.",scripting / linux administration / release management / bash / helm ; 8 yrs exp ; open to hybrid ; rate negotiable,3.9,4.5,3.9,3.5,3.7,3.9,2026-09-14,W2 Hourly,$75-90/hr,,Rolling Off Current Project,Profile incomplete - awaiting updated resume and assessment results from consultant.
C-021,Maria,Holloway,San Diego,CA,US Citizen,No,Remote Preferred,12,DevOps Engineer,Software Developer in Test,Infrastructure as Code|Monitoring|GitOps|Site Reliability Engineering|Kubernetes|CI/CD|Containerization|Scripting|Linux Administration|API Automation|Mobile Test Automation,Retail|Logistics,Azure DevOps Engineer (AZ-400)|Azure Administrator (AZ-104),Master's,Computer Science,Go|Python|PowerShell,GCP|AWS,Splunk,Prometheus|GitLab CI|Grafana|Datadog|ArgoCD,,Migrated legacy build systems to GitHub Actions and containerized 25 services for a Retail platform team.,"Senior DevOps Engineer with 12 years of experience across Retail, Logistics. Migrated legacy build systems to GitHub Actions and containerized 25 services for a Retail platform team. Core stack: Infrastructure as Code, Monitoring, GitOps, Site Reliability Engineering, Go, Python, GCP, Prometheus, GitLab CI. Certifications: Azure DevOps Engineer (AZ-400), Azure Administrator (AZ-104). Comfortable in Agile delivery teams and client-facing environments.",4.1,4.1,4.2,3.9,4.1,4.1,2026-09-18,W2 or C2C,$95-118/hr,4.8,Rolling Off Current Project,Reliable delivery record on recent engagements.
C-022,Andrei,Tran,Portland,OR,TN Visa - No Sponsorship Required,No,Onsite OK,16,DevOps Engineer,Software Developer in Test,Site Reliability Engineering|Kubernetes|CI/CD|Containerization|Scripting|GitOps|Linux Administration|Release Management|Infrastructure as Code|API Automation|Test Automation Framework Design,Energy|Manufacturing|Healthcare,AWS SysOps Administrator|CKA,Bachelor's,Computer Engineering,Python|Go|Bash,GCP|AWS,Splunk,ArgoCD|Prometheus|Datadog|Jenkins|GitLab CI,,"Designed CI/CD pipelines and Terraform modules for a Manufacturing client, standing up EKS clusters for 40+ microservices.","Senior DevOps Engineer with 16 years of experience across Energy, Manufacturing, Healthcare. Designed CI/CD pipelines and Terraform modules for a Manufacturing client, standing up EKS clusters for 40+ microservices. Core stack: Site Reliability Engineering, Kubernetes, CI/CD, Containerization, Python, Go, GCP, ArgoCD, Prometheus. Certifications: AWS SysOps Administrator, CKA. Comfortable in Agile delivery teams and client-facing environments.",4.4,4.2,4.3,4.4,4.4,4.8,2026-08-22,W2 Hourly,$95-118/hr,4.5,Available - On Bench,Consistently strong delivery feedback; low placement risk.
C-023,Roberto,Beaumont,Denver,CO,US Citizen,Yes,Hybrid,2,DevOps Engineer,Cloud Engineer,Site Reliability Engineering|Linux Administration|CI/CD|Kubernetes|Monitoring|Kubernetes,Banking,CKA,Associate,Computer Science,PowerShell,Azure,Splunk,GitLab CI|Datadog,,"Designed CI/CD pipelines and Terraform modules for a Banking client, standing up EKS clusters for 40+ microservices.","Junior DevOps Engineer with 2 years of experience across Banking. Designed CI/CD pipelines and Terraform modules for a Banking client, standing up EKS clusters for 40+ microservices. Core stack: Site Reliability Engineering, Linux Administration, CI/CD, Kubernetes, PowerShell, Azure, GitLab CI, Datadog. Certifications: CKA. Comfortable in Agile delivery teams and client-facing environments.",3.5,3.6,3.2,4.3,3.6,3.0,2026-09-19,W2 Hourly,$55-68/hr,,Rolling Off Current Project,Consistently strong delivery feedback; low placement risk.
C-024,Emily,Middleton,St. Louis,MO,US Citizen,Yes,Remote Preferred,2,DevOps Engineer,Software Developer in Test,CI/CD|Monitoring|Site Reliability Engineering|Release Management|Kubernetes|Test Automation Framework Design,Healthcare,,Bachelor's,Computer Engineering,Bash,GCP,Splunk,Grafana|Helm,,Ran SRE and observability rollout (Prometheus/Grafana) for a Healthcare payments platform with 99.9% uptime targets.,"Junior DevOps Engineer with 2 years of experience across Healthcare. Ran SRE and observability rollout (Prometheus/Grafana) for a Healthcare payments platform with 99.9% uptime targets. Core stack: CI/CD, Monitoring, Site Reliability Engineering, Release Management, Bash, GCP, Grafana, Helm. No formal certifications listed. Comfortable in Agile delivery teams and client-facing environments.",3.2,3.1,3.6,3.1,3.9,2.3,2026-08-31,W2 or C2C,$55-68/hr,,Available - On Bench,Reliable delivery record on recent engagements.
C-025,Kenji,Barros,Des Moines,IA,US Citizen,No,Remote Preferred,8,Full Stack Developer,Software Developer in Test,Database Design|Spring Boot|Node.js|CI Integration|Test Automation Framework Design,Energy|Manufacturing,Oracle Certified Professional Java SE|Azure Developer (AZ-204),Bachelor's,Computer Science,Python|SQL,Azure,MongoDB|Redis,GitHub Actions|Jenkins,Jest|Cypress,Built REST and GraphQL services plus responsive UI for a Manufacturing order management rewrite.,"Mid-level Full Stack Developer with 8 years of experience across Energy, Manufacturing. Built REST and GraphQL services plus responsive UI for a Manufacturing order management rewrite. Core stack: Database Design, Spring Boot, Node.js, CI Integration, Python, SQL, Azure, GitHub Actions, Jenkins, Jest. Certifications: Oracle Certified Professional Java SE, Azure Developer (AZ-204). Comfortable in Agile delivery teams and client-facing environments.",4.2,4.5,3.5,4.8,4.8,3.4,2026-10-29,W2 Hourly,$70-85/hr,4.8,On Project,Excellent client presence and soft skills; pair with a technical anchor on complex builds.
C-026,Pedro,Adeyemi,Chicago,IL,US Citizen,No,Remote Preferred,1,Full Stack Developer,DevOps Engineer,Spring Boot|Responsive UI|GraphQL|Microservices|Site Reliability Engineering,FinTech,Azure Developer (AZ-204)|AWS Developer Associate,Master's,Computer Science,TypeScript,Azure,PostgreSQL|Redis,GitHub Actions|Git,Jest|Cypress,Modernized a FinTech monolith into microservices with automated unit and integration testing.,"Junior Full Stack Developer with 1 years of experience across FinTech. Modernized a FinTech monolith into microservices with automated unit and integration testing. Core stack: Spring Boot, Responsive UI, GraphQL, Microservices, TypeScript, Azure, GitHub Actions, Git, Jest. Certifications: Azure Developer (AZ-204), AWS Developer Associate. Comfortable in Agile delivery teams and client-facing environments.",3.0,3.0,2.6,2.8,3.5,2.9,2026-09-04,C2C,$50-62/hr,4.1,Rolling Off Current Project,Recently certified; limited hands-on project depth so far - good for supervised roles.
C-027,Tomas,Vega,Raleigh,NC,US Citizen,Yes,Flexible,6,Full Stack Developer,Software Developer in Test,Code Review|Spring Boot|REST API Development|React|Responsive UI|.NET Core|Test Automation Framework Design|UI Automation,Healthcare|Public Sector,Azure Developer (AZ-204),,,C#|Python,Azure,MongoDB|Redis|PostgreSQL,GitHub Actions|Docker|Jenkins,Jest|Cypress,Delivered React/Node.js customer-facing features for a Healthcare portal handling 2M monthly sessions.,"resume v3 FINAL - Tomas - code review / spring boot / rest api development / c# / github actions - worked healthcare clients, dates tbc",3.5,3.4,3.6,3.9,3.9,2.8,2026-09-18,W2 Salaried (FTE conversion open),$70-85/hr,,Rolling Off Current Project,Profile incomplete - awaiting updated resume and assessment results from consultant.
C-028,Pedro,Alves,Phoenix,AZ,US Citizen,No,Hybrid,16,Full Stack Developer,DevOps Engineer,GraphQL|Code Review|Unit Testing|.NET Core|React|Microservices|Database Design|Spring Boot|Node.js|Release Management|GitOps,Logistics|Retail|Banking,Oracle Certified Professional Java SE|Azure Developer (AZ-204),Master's,Computer Science,TypeScript|SQL|Java,Azure|AWS,Redis|PostgreSQL|MongoDB,Git|Jenkins|Docker|GitHub Actions,Jest|Cypress,Modernized a Logistics monolith into microservices with automated unit and integration testing.,"Senior Full Stack Developer with 16 years of experience across Logistics, Retail, Banking. Modernized a Logistics monolith into microservices with automated unit and integration testing. Core stack: GraphQL, Code Review, Unit Testing, .NET Core, TypeScript, SQL, Azure, Git, Jenkins, Jest. Certifications: Oracle Certified Professional Java SE, Azure Developer (AZ-204). Comfortable in Agile delivery teams and client-facing environments.",4.0,3.9,4.4,3.9,4.3,3.7,2026-08-12,C2C,$90-110/hr,4.5,Available - On Bench,Reliable delivery record on recent engagements.
C-029,Megan,Ferro,Dallas,TX,US Citizen,No,Flexible,13,Full Stack Developer,DevOps Engineer,.NET Core|Spring Boot|Microservices|Responsive UI|Node.js|GraphQL|REST API Development|Database Design|Unit Testing|Site Reliability Engineering|GitOps,Energy|Manufacturing,Oracle Certified Professional Java SE|AWS Developer Associate,Bachelor's,Computer Science,TypeScript|JavaScript|C#,AWS|Azure,Redis|PostgreSQL|MongoDB,Jenkins|GitHub Actions|Git|Docker,Jest|Cypress,Modernized a Energy monolith into microservices with automated unit and integration testing.,"Senior Full Stack Developer with 13 years of experience across Energy, Manufacturing. Modernized a Energy monolith into microservices with automated unit and integration testing. Core stack: .NET Core, Spring Boot, Microservices, Responsive UI, TypeScript, JavaScript, AWS, Jenkins, GitHub Actions, Jest. Certifications: Oracle Certified Professional Java SE, AWS Developer Associate. Comfortable in Agile delivery teams and client-facing environments.",4.4,5.0,4.6,4.5,4.0,4.1,2026-09-19,W2 Hourly,$90-110/hr,3.8,Rolling Off Current Project,Consistently strong delivery feedback; low placement risk.
C-030,Dana,Ferreira,Salt Lake City,UT,H-1B - Employer Sponsorship/Transfer Required,No,Flexible,1,Full Stack Developer,Software Developer in Test,Node.js|Responsive UI|GraphQL|Unit Testing|Spring Boot|Contract Testing,Banking,AWS Developer Associate,Master's,Software Engineering,C#,AWS,MongoDB|Redis,Jenkins|Git,Jest|Cypress,Modernized a Banking monolith into microservices with automated unit and integration testing.,"Junior Full Stack Developer with 1 years of experience across Banking. Modernized a Banking monolith into microservices with automated unit and integration testing. Core stack: Node.js, Responsive UI, GraphQL, Unit Testing, C#, AWS, Jenkins, Git, Jest. Certifications: AWS Developer Associate. Comfortable in Agile delivery teams and client-facing environments.",3.6,3.4,4.1,3.6,4.0,3.0,2026-08-31,1099,$50-62/hr,,Available - On Bench,Consistently strong delivery feedback; low placement risk.
C-031,Paige,Okonkwo,Minneapolis,MN,US Citizen,No,Remote Preferred,1,Full Stack Developer,DevOps Engineer,React|Responsive UI|Microservices|.NET Core|REST API Development|Site Reliability Engineering,Public Sector,,Bachelor's,Computer Science,TypeScript,Azure,MongoDB|PostgreSQL,Docker|GitHub Actions,Jest|Cypress,Delivered React/Node.js customer-facing features for a Public Sector portal handling 2M monthly sessions.,"Junior Full Stack Developer with 1 years of experience across Public Sector. Delivered React/Node.js customer-facing features for a Public Sector portal handling 2M monthly sessions. Core stack: React, Responsive UI, Microservices, .NET Core, TypeScript, Azure, Docker, GitHub Actions, Jest. No formal certifications listed. Comfortable in Agile delivery teams and client-facing environments.",3.0,3.3,3.3,3.1,3.2,2.0,2026-09-26,W2 Hourly,$50-62/hr,3.4,Rolling Off Current Project,Reliable delivery record on recent engagements.
C-032,Andrei,Dominguez,Seattle,WA,US Citizen,No,Remote Only,6,Full Stack Developer,DevOps Engineer,Code Review|React|Spring Boot|.NET Core|Node.js|GraphQL|CI/CD|GitOps,Logistics|Retail,Azure Developer (AZ-204),Master's,Software Engineering,TypeScript|C#,AWS,Redis|PostgreSQL|MongoDB,GitHub Actions|Docker|Jenkins,Jest|Cypress,Delivered React/Node.js customer-facing features for a Logistics portal handling 2M monthly sessions.,"Mid-level Full Stack Developer with 6 years of experience across Logistics, Retail. Delivered React/Node.js customer-facing features for a Logistics portal handling 2M monthly sessions. Core stack: Code Review, React, Spring Boot, .NET Core, TypeScript, C#, AWS, GitHub Actions, Docker, Jest. Certifications: Azure Developer (AZ-204). Comfortable in Agile delivery teams and client-facing environments.",3.5,2.6,5.0,3.2,3.9,2.7,2026-10-20,W2 Hourly,$70-85/hr,4.8,On Project,Deep technical strength; coach on client-facing communication before interviews.
C-033,Katie,Middleton,St. Louis,MO,US Citizen,No,Hybrid,3,Data Engineer,AI Engineer,Pipeline Orchestration|Data Quality|Data Governance|Data Warehousing|Model Deployment,Healthcare|Banking,Azure Data Engineer (DP-203)|GCP Professional Data Engineer,Associate,Information Systems,SQL,GCP,Databricks|Spark,Docker|GitHub Actions,,Delivered streaming ingestion with Kafka for a Banking operational analytics initiative.,"Junior Data Engineer with 3 years of experience across Banking. Delivered streaming ingestion with Kafka for a Banking operational analytics initiative. Core stack: Pipeline Orchestration, Data Quality, Data Governance, Data Warehousing, SQL, GCP, Docker, GitHub Actions. Certifications: Azure Data Engineer (DP-203), GCP Professional Data Engineer. Comfortable in Agile delivery teams and client-facing environments.",3.2,3.2,3.7,3.2,3.5,2.4,2026-08-15,W2 Salaried (FTE conversion open),$55-68/hr,,Available - On Bench,Recently certified; limited hands-on project depth so far - good for supervised roles.
C-034,Diego,Stanton,Denver,CO,US Citizen,Yes,Onsite OK,2,Data Engineer,Cloud Engineer,Data Quality|Pipeline Orchestration|Data Governance|Stream Processing|Infrastructure as Code,Healthcare,Databricks Certified Data Engineer Associate,PhD,Information Systems,Python,AWS,Kafka|Snowflake,GitHub Actions|Docker,,Implemented dbt models and data quality checks across a Healthcare client's 60-table reporting layer.,"resume v3 FINAL - Diego - data quality / pipeline orchestration / data governance / python / github actions - worked healthcare clients, dates tbc",3.0,3.5,2.8,2.7,3.6,2.3,2026-09-22,W2 Salaried (FTE conversion open),$55-68/hr,,Rolling Off Current Project,Profile incomplete - awaiting updated resume and assessment results from consultant.
C-035,Jasmine,Marsh,Columbus,OH,H-1B - Employer Sponsorship/Transfer Required,Yes,Onsite OK,7,Data Engineer,AI Engineer,Data Quality|Performance Tuning|Stream Processing|Data Governance|Data Modeling|ETL Development|Data Warehousing|Feature Engineering|MLOps,Healthcare|Retail|Logistics,Azure Data Engineer (DP-203),Bachelor's,Computer Science,SQL|Scala,GCP,Spark|Databricks|dbt,Docker|GitHub Actions,,Delivered streaming ingestion with Kafka for a Logistics operational analytics initiative.,"Mid-level Data Engineer with 7 years of experience across Retail, Logistics. Delivered streaming ingestion with Kafka for a Logistics operational analytics initiative. Core stack: Data Quality, Performance Tuning, Stream Processing, Data Governance, SQL, Scala, GCP, Docker, GitHub Actions. Certifications: Azure Data Engineer (DP-203). Comfortable in Agile delivery teams and client-facing environments.",3.6,3.8,3.4,3.5,4.1,3.2,2026-08-29,W2 Salaried (FTE conversion open),$75-92/hr,4.7,Available - On Bench,Reliable delivery record on recent engagements.
C-036,Jasmine,Rowan,Atlanta,GA,US Citizen,No,Hybrid,6,Data Engineer,AI Engineer,Data Governance|Data Modeling|Performance Tuning|Data Warehousing|ETL Development|Stream Processing|Data Quality|Prompt Engineering|Computer Vision,Manufacturing|Energy,GCP Professional Data Engineer,PhD,Data Science,SQL|Scala,AWS,Synapse|AWS Glue|Snowflake,GitHub Actions|Docker,,Delivered streaming ingestion with Kafka for a Energy operational analytics initiative.,"Mid-level Data Engineer with 6 years of experience across Manufacturing, Energy. Delivered streaming ingestion with Kafka for a Energy operational analytics initiative. Core stack: Data Governance, Data Modeling, Performance Tuning, Data Warehousing, SQL, Scala, AWS, GitHub Actions, Docker. Certifications: GCP Professional Data Engineer. Comfortable in Agile delivery teams and client-facing environments.",4.1,4.2,4.5,4.0,3.8,3.9,2026-09-11,1099,$75-92/hr,4.3,Rolling Off Current Project,Consistently strong delivery feedback; low placement risk.
C-037,Olivia,Barros,Minneapolis,MN,US Permanent Resident (Green Card),No,Remote Preferred,7,Data Engineer,Cloud Engineer,Performance Tuning|Data Quality|Data Warehousing|ETL Development|Stream Processing|Data Governance|Data Modeling|Disaster Recovery|Infrastructure as Code,FinTech|Insurance,AWS Data Engineer Associate,Bachelor's,Data Science,SQL|Python,GCP,Snowflake|Spark|Airflow,Docker|GitHub Actions,,Implemented dbt models and data quality checks across a FinTech client's 60-table reporting layer.,"Mid-level Data Engineer with 7 years of experience across FinTech, Insurance. Implemented dbt models and data quality checks across a FinTech client's 60-table reporting layer. Core stack: Performance Tuning, Data Quality, Data Warehousing, ETL Development, SQL, Python, GCP, Docker, GitHub Actions. Certifications: AWS Data Engineer Associate. Comfortable in Agile delivery teams and client-facing environments.",4.1,4.1,4.3,4.0,4.0,3.9,2026-09-24,1099,$75-92/hr,3.3,Rolling Off Current Project,Consistently strong delivery feedback; low placement risk.
C-038,Kenji,Ferreira,San Diego,CA,US Citizen,No,Hybrid,8,Data Engineer,Cloud Engineer,Data Modeling|Pipeline Orchestration|Data Governance|Data Quality|ETL Development|Stream Processing|Data Warehousing|Infrastructure as Code|Cost Optimization,Healthcare|Public Sector,SnowPro Core|AWS Data Engineer Associate,Master's,Information Systems,Python|SQL,GCP,Kafka|Spark|Redshift,Docker|GitHub Actions,,Built Spark and Airflow pipelines feeding a Snowflake warehouse for a Healthcare analytics program.,"Mid-level Data Engineer with 8 years of experience across Healthcare, Public Sector. Built Spark and Airflow pipelines feeding a Snowflake warehouse for a Healthcare analytics program. Core stack: Data Modeling, Pipeline Orchestration, Data Governance, Data Quality, Python, SQL, GCP, Docker, GitHub Actions. Certifications: SnowPro Core, AWS Data Engineer Associate. Comfortable in Agile delivery teams and client-facing environments.",3.8,4.1,4.5,3.4,3.7,3.3,2026-10-17,1099,$75-92/hr,4.5,On Project,Reliable delivery record on recent engagements.
C-039,Hannah,Adeyemi,Austin,TX,US Citizen,No,Remote Preferred,14,Data Engineer,AI Engineer,Data Quality|ETL Development|Data Governance|Data Warehousing|Stream Processing|Performance Tuning|Data Modeling|Pipeline Orchestration|MLOps|Responsible AI,Telecom|Logistics,SnowPro Core|Databricks Certified Data Engineer Associate,Bachelor's,Information Systems,Scala|Python|SQL,Azure|AWS,Airflow|Databricks|BigQuery|Redshift,Docker|GitHub Actions,,Delivered streaming ingestion with Kafka for a Telecom operational analytics initiative.,"Senior Data Engineer with 14 years of experience across Telecom, Logistics. Delivered streaming ingestion with Kafka for a Telecom operational analytics initiative. Core stack: Data Quality, ETL Development, Data Governance, Data Warehousing, Scala, Python, Azure, Docker, GitHub Actions. Certifications: SnowPro Core, Databricks Certified Data Engineer Associate. Comfortable in Agile delivery teams and client-facing environments.",3.9,2.6,4.4,4.4,4.1,4.0,2026-09-03,1099,$95-118/hr,4.4,Notice Period,Deep technical strength; coach on client-facing communication before interviews.
C-040,Shannon,Middleton,Atlanta,GA,US Citizen,No,Flexible,9,Data Engineer,Cloud Engineer,ETL Development|Stream Processing|Data Governance|Pipeline Orchestration|Data Warehousing|CI/CD|Cloud Networking,Energy|Manufacturing,GCP Professional Data Engineer|AWS Data Engineer Associate,Bachelor's,Information Systems,Python|Scala|SQL,GCP|AWS,BigQuery|Redshift,GitHub Actions|Docker,,Delivered streaming ingestion with Kafka for a Energy operational analytics initiative.,"Senior Data Engineer with 9 years of experience across Energy, Manufacturing. Delivered streaming ingestion with Kafka for a Energy operational analytics initiative. Core stack: ETL Development, Stream Processing, Data Governance, Pipeline Orchestration, Python, Scala, GCP, GitHub Actions, Docker. Certifications: GCP Professional Data Engineer, AWS Data Engineer Associate. Comfortable in Agile delivery teams and client-facing environments.",4.5,4.8,5.0,4.9,4.6,3.3,2026-09-30,W2 Hourly,$95-118/hr,3.7,Rolling Off Current Project,Excellent client presence and soft skills; pair with a technical anchor on complex builds.
C-041,Nikhil,Vance,Chicago,IL,US Citizen,No,Onsite OK,1,Cloud Engineer,DevOps Engineer,Cloud Migration|CI/CD|Cost Optimization|Kubernetes|GitOps,Public Sector,Azure Administrator (AZ-104),,,PowerShell,Azure,Splunk,Terraform|Docker,,"Ran cloud cost optimization and DR design for a Public Sector client, cutting monthly spend 22%.",cloud migration / ci/cd / cost optimization / powershell / terraform ; 1 yrs exp ; open to remote ; rate negotiable,3.0,3.1,3.1,2.7,3.2,2.8,2026-08-29,C2C,$55-68/hr,,Available - On Bench,Profile incomplete - awaiting updated resume and assessment results from consultant.
C-042,Sanjay,Takahashi,Hartford,CT,EAD - No Sponsorship Required,No,Remote Preferred,5,Cloud Engineer,DevOps Engineer,Cost Optimization|Cloud Architecture|Kubernetes|IAM & Security|Cloud Networking|Infrastructure as Code|Landing Zone Design|Scripting|Containerization,Retail|Telecom,AWS Solutions Architect Professional|Azure Solutions Architect (AZ-305)|Azure Administrator (AZ-104),Bachelor's,Computer Engineering,Python|PowerShell,AWS,Splunk,Docker|CloudFormation|Terraform,,"Ran cloud cost optimization and DR design for a Retail client, cutting monthly spend 22%.","Mid-level Cloud Engineer with 5 years of experience across Retail, Telecom. Ran cloud cost optimization and DR design for a Retail client, cutting monthly spend 22%. Core stack: Cost Optimization, Cloud Architecture, Kubernetes, IAM & Security, Python, PowerShell, AWS, Docker, CloudFormation. Certifications: AWS Solutions Architect Professional, Azure Solutions Architect (AZ-305). Comfortable in Agile delivery teams and client-facing environments.",3.5,3.8,3.3,3.7,3.6,3.2,2026-10-28,1099,$78-95/hr,3.3,On Project,Reliable delivery record on recent engagements.
C-043,Kwame,Rosales,Chicago,IL,US Permanent Resident (Green Card),No,Onsite OK,8,Cloud Engineer,DevOps Engineer,Cloud Architecture|Disaster Recovery|Infrastructure as Code|CI/CD|Cost Optimization|Landing Zone Design|IAM & Security|Release Management|Infrastructure as Code,Energy|Manufacturing,AWS Security Specialty|Azure Administrator (AZ-104),Bachelor's,Information Technology,Bash|PowerShell,GCP,Splunk,Terraform|CloudFormation|Bicep,,Led lift-and-shift plus re-platforming of 30 workloads to Azure for a Manufacturing enterprise.,"Mid-level Cloud Engineer with 8 years of experience across Energy, Manufacturing. Led lift-and-shift plus re-platforming of 30 workloads to Azure for a Manufacturing enterprise. Core stack: Cloud Architecture, Disaster Recovery, Infrastructure as Code, CI/CD, Bash, PowerShell, GCP, Terraform, CloudFormation. Certifications: AWS Security Specialty. Comfortable in Agile delivery teams and client-facing environments.",3.9,3.4,4.3,4.1,4.1,3.4,2026-08-11,1099,$78-95/hr,4.3,Available - On Bench,Consistently strong delivery feedback; low placement risk.
C-044,Tomas,Mbeki,Raleigh,NC,H-1B - Employer Sponsorship/Transfer Required,No,Flexible,8,Cloud Engineer,DevOps Engineer,IAM & Security|Cloud Migration|Cost Optimization|Cloud Networking|Kubernetes|Infrastructure as Code|Landing Zone Design|Containerization|Kubernetes,Banking|Insurance,AWS Solutions Architect Professional,Master's,Computer Science,Bash|Python,GCP,Splunk,CloudFormation|Bicep|Docker,,Led lift-and-shift plus re-platforming of 30 workloads to Azure for a Banking enterprise.,"Mid-level Cloud Engineer with 8 years of experience across Banking, Insurance. Led lift-and-shift plus re-platforming of 30 workloads to Azure for a Banking enterprise. Core stack: IAM & Security, Cloud Migration, Cost Optimization, Cloud Networking, Bash, Python, GCP, CloudFormation, Bicep. Certifications: AWS Solutions Architect Professional. Comfortable in Agile delivery teams and client-facing environments.",4.2,4.6,4.5,3.8,4.0,4.0,2026-08-30,1099,$78-95/hr,3.8,Available - On Bench,Consistently strong delivery feedback; low placement risk.
C-045,Maria,Osei,Columbus,OH,US Citizen,No,Hybrid,5,Cloud Engineer,DevOps Engineer,Kubernetes|Disaster Recovery|Infrastructure as Code|Cloud Networking|Landing Zone Design|Cloud Migration|Cost Optimization|Monitoring|Kubernetes,Public Sector|Healthcare,AWS Solutions Architect Associate,Master's,Computer Engineering,PowerShell|Bash,Azure,Splunk,Terraform|Docker|Bicep,,Led lift-and-shift plus re-platforming of 30 workloads to Azure for a Public Sector enterprise.,"Mid-level Cloud Engineer with 5 years of experience across Public Sector, Healthcare. Led lift-and-shift plus re-platforming of 30 workloads to Azure for a Public Sector enterprise. Core stack: Kubernetes, Disaster Recovery, Infrastructure as Code, Cloud Networking, PowerShell, Bash, Azure, Terraform, Docker. Certifications: AWS Solutions Architect Associate. Comfortable in Agile delivery teams and client-facing environments.",3.8,4.1,3.7,3.6,3.8,3.7,2026-09-03,W2 Hourly,$78-95/hr,4.3,Rolling Off Current Project,Reliable delivery record on recent engagements.
C-046,Jasmine,Sherwood,Boston,MA,US Citizen,Yes,Hybrid,11,Cloud Engineer,DevOps Engineer,IAM & Security|Cloud Networking|Cloud Architecture|Landing Zone Design|Cloud Migration|Kubernetes|Disaster Recovery|Infrastructure as Code|Kubernetes|GitOps,Telecom|Logistics,Azure Solutions Architect (AZ-305)|GCP Associate Cloud Engineer,Master's,Computer Science,Python|PowerShell|Bash,Azure|AWS,Splunk,Terraform|CloudFormation|Docker|Bicep,,Led lift-and-shift plus re-platforming of 30 workloads to Azure for a Logistics enterprise.,"Senior Cloud Engineer with 11 years of experience across Telecom, Logistics. Led lift-and-shift plus re-platforming of 30 workloads to Azure for a Logistics enterprise. Core stack: IAM & Security, Cloud Networking, Cloud Architecture, Landing Zone Design, Python, PowerShell, Azure, Terraform, CloudFormation. Certifications: Azure Solutions Architect (AZ-305), GCP Associate Cloud Engineer. Comfortable in Agile delivery teams and client-facing environments.",3.7,2.2,4.3,3.6,4.4,3.9,2026-08-23,C2C,$100-125/hr,4.1,Available - On Bench,Deep technical strength; coach on client-facing communication before interviews.
C-047,Dmitri,Villanueva,Austin,TX,US Citizen,Yes,Remote Preferred,10,Cloud Engineer,DevOps Engineer,Landing Zone Design|IAM & Security|CI/CD|Cost Optimization|Kubernetes|GitOps|Containerization,Energy|Manufacturing,AWS Solutions Architect Professional|Terraform Associate,Bachelor's,Information Technology,Bash|Python|PowerShell,Azure|GCP,Splunk,Terraform|CloudFormation,,"Ran cloud cost optimization and DR design for a Energy client, cutting monthly spend 22%.","Senior Cloud Engineer with 10 years of experience across Energy, Manufacturing. Ran cloud cost optimization and DR design for a Energy client, cutting monthly spend 22%. Core stack: Landing Zone Design, IAM & Security, CI/CD, Cost Optimization, Bash, Python, Azure, Terraform, CloudFormation. Certifications: AWS Solutions Architect Professional, Terraform Associate. Comfortable in Agile delivery teams and client-facing environments.",4.4,4.8,4.3,4.6,4.6,3.8,2026-09-09,W2 Hourly,$100-125/hr,3.7,Rolling Off Current Project,Excellent client presence and soft skills; pair with a technical anchor on complex builds.
C-048,Paige,Lindqvist,Salt Lake City,UT,H-1B - Employer Sponsorship/Transfer Required,Yes,Remote Preferred,3,Cloud Engineer,DevOps Engineer,Infrastructure as Code|Landing Zone Design|IAM & Security|Cloud Networking|Release Management,Insurance,AWS Solutions Architect Associate|Azure Solutions Architect (AZ-305),Master's,Computer Science,Python,AWS,Splunk,CloudFormation|Docker,,"Designed AWS landing zones, IAM guardrails, and network topology for a Insurance cloud migration.","Junior Cloud Engineer with 3 years of experience across Insurance. Designed AWS landing zones, IAM guardrails, and network topology for a Insurance cloud migration. Core stack: Infrastructure as Code, Landing Zone Design, IAM & Security, Cloud Networking, Python, AWS, CloudFormation, Docker. Certifications: AWS Solutions Architect Associate, Azure Solutions Architect (AZ-305). Comfortable in Agile delivery teams and client-facing environments.",3.3,4.0,3.1,3.7,3.0,2.8,2026-09-03,W2 or C2C,$55-68/hr,,Rolling Off Current Project,Recently certified; limited hands-on project depth so far - good for supervised roles.
C-049,Whitney,Whitmore,Seattle,WA,US Citizen,No,Hybrid,4,AI Engineer,Data Engineer,Model Deployment|RAG Pipelines|Feature Engineering|MLOps|LLM Integration|Prompt Engineering|Machine Learning|Stream Processing|Pipeline Orchestration,Telecom|Retail,Azure AI Engineer (AI-102)|AWS Machine Learning Specialty,Bachelor's,Applied Mathematics,R|Python,Azure,scikit-learn|TensorFlow|SageMaker,GitHub Actions|Docker,,Built and deployed ML models with MLflow tracking and automated retraining for a Retail client.,"Mid-level AI Engineer with 4 years of experience across Telecom, Retail. Built and deployed ML models with MLflow tracking and automated retraining for a Retail client. Core stack: Model Deployment, RAG Pipelines, Feature Engineering, MLOps, R, Python, Azure, GitHub Actions, Docker. Certifications: Azure AI Engineer (AI-102), AWS Machine Learning Specialty. Comfortable in Agile delivery teams and client-facing environments.",3.6,3.4,3.5,3.8,3.6,3.6,2026-08-26,W2 or C2C,$85-105/hr,3.4,Available - On Bench,Reliable delivery record on recent engagements.
C-050,Samuel,Dominguez,Phoenix,AZ,US Permanent Resident (Green Card),No,Remote Preferred,4,AI Engineer,Data Engineer,LLM Integration|Feature Engineering|Prompt Engineering|NLP|Responsible AI|Computer Vision|RAG Pipelines|Data Quality|Performance Tuning,Energy|Manufacturing,TensorFlow Developer Certificate|AWS Machine Learning Specialty,Bachelor's,Statistics,R|Python,GCP,Hugging Face|PyTorch|TensorFlow,Docker|GitHub Actions,,Built and deployed ML models with MLflow tracking and automated retraining for a Manufacturing client.,"Mid-level AI Engineer with 4 years of experience across Energy, Manufacturing. Built and deployed ML models with MLflow tracking and automated retraining for a Manufacturing client. Core stack: LLM Integration, Feature Engineering, Prompt Engineering, NLP, R, Python, GCP, Docker, GitHub Actions. Certifications: TensorFlow Developer Certificate, AWS Machine Learning Specialty. Comfortable in Agile delivery teams and client-facing environments.",3.8,4.2,4.4,3.4,3.5,3.5,2026-08-31,1099,$85-105/hr,4.6,Available - On Bench,Consistently strong delivery feedback; low placement risk.
C-051,Nicole,Naylor,Houston,TX,US Citizen,No,Remote Preferred,4,AI Engineer,Data Engineer,Feature Engineering|MLOps|NLP|Prompt Engineering|Machine Learning|Responsible AI|Model Deployment|ETL Development|Data Warehousing,Banking|Insurance,Databricks ML Associate|TensorFlow Developer Certificate,Bachelor's,Data Science,R|Python,AWS,Databricks|scikit-learn|MLflow,GitHub Actions|Docker,,Built and deployed ML models with MLflow tracking and automated retraining for a Banking client.,"Mid-level AI Engineer with 4 years of experience across Banking, Insurance. Built and deployed ML models with MLflow tracking and automated retraining for a Banking client. Core stack: Feature Engineering, MLOps, NLP, Prompt Engineering, R, Python, AWS, GitHub Actions, Docker. Certifications: Databricks ML Associate, TensorFlow Developer Certificate. Comfortable in Agile delivery teams and client-facing environments.",3.8,4.0,3.9,3.4,4.0,3.6,2026-08-13,W2 Hourly,$85-105/hr,4.1,Available - On Bench,Consistently strong delivery feedback; low placement risk.
C-052,Sarah,Takahashi,Columbus,OH,US Citizen,No,Remote Preferred,6,AI Engineer,Data Engineer,Machine Learning|MLOps|RAG Pipelines|Responsible AI|Model Deployment|Feature Engineering|Prompt Engineering|Data Quality|Data Warehousing,Public Sector|Healthcare,AWS Machine Learning Specialty,Master's,Data Science,SQL|Python,GCP,Databricks|SageMaker|Vertex AI,Docker|GitHub Actions,,Shipped an LLM-based document triage assistant with RAG retrieval for a Public Sector operations team.,"Mid-level AI Engineer with 6 years of experience across Public Sector, Healthcare. Shipped an LLM-based document triage assistant with RAG retrieval for a Public Sector operations team. Core stack: Machine Learning, MLOps, RAG Pipelines, Responsible AI, SQL, Python, GCP, Docker, GitHub Actions. Certifications: AWS Machine Learning Specialty. Comfortable in Agile delivery teams and client-facing environments.",3.5,3.7,3.2,3.8,3.6,3.0,2026-09-28,W2 or C2C,$85-105/hr,4.0,Rolling Off Current Project,Reliable delivery record on recent engagements.
C-053,Deepak,Boulos,Columbus,OH,US Citizen,Yes,Hybrid,13,AI Engineer,Data Engineer,MLOps|Machine Learning|RAG Pipelines|LLM Integration|Feature Engineering|Computer Vision|Prompt Engineering|NLP|ETL Development|Performance Tuning,Logistics|Retail|Healthcare,Databricks ML Associate|TensorFlow Developer Certificate,Associate,Computer Science,Python|SQL|R,GCP|AWS,Databricks|SageMaker|PyTorch|MLflow,GitHub Actions|Docker,,Delivered NLP classification and prompt-engineered workflows integrated into a Retail case system.,"Senior AI Engineer with 13 years of experience across Logistics, Retail, Healthcare. Delivered NLP classification and prompt-engineered workflows integrated into a Retail case system. Core stack: MLOps, Machine Learning, RAG Pipelines, LLM Integration, Python, SQL, GCP, GitHub Actions, Docker. Certifications: Databricks ML Associate, TensorFlow Developer Certificate. Comfortable in Agile delivery teams and client-facing environments.",3.8,2.3,4.5,4.3,3.6,4.5,2026-09-19,1099,$110-138/hr,4.6,Rolling Off Current Project,Deep technical strength; coach on client-facing communication before interviews.
C-054,Vanessa,Tran,Milwaukee,WI,EAD - No Sponsorship Required,Yes,Onsite OK,12,AI Engineer,Data Engineer,Machine Learning|Feature Engineering|Responsible AI|Model Deployment|MLOps|Stream Processing|Performance Tuning,Manufacturing|Energy,AWS Machine Learning Specialty|Databricks ML Associate,Bachelor's,Data Science,SQL|Python|R,GCP|AWS,Azure ML|Vertex AI,GitHub Actions|Docker,,Built and deployed ML models with MLflow tracking and automated retraining for a Manufacturing client.,"Senior AI Engineer with 12 years of experience across Manufacturing, Energy. Built and deployed ML models with MLflow tracking and automated retraining for a Manufacturing client. Core stack: Machine Learning, Feature Engineering, Responsible AI, Model Deployment, SQL, Python, GCP, GitHub Actions, Docker. Certifications: AWS Machine Learning Specialty, Databricks ML Associate. Comfortable in Agile delivery teams and client-facing environments.",4.4,4.7,4.7,4.7,4.5,3.6,2026-11-08,W2 Hourly,$110-138/hr,4.4,On Project,Excellent client presence and soft skills; pair with a technical anchor on complex builds.
C-055,Arjun,Lindqvist,Chicago,IL,US Permanent Resident (Green Card),No,Onsite OK,3,AI Engineer,Data Engineer,RAG Pipelines|Prompt Engineering|Machine Learning|Feature Engineering|Data Modeling,Banking,AWS Machine Learning Specialty|Azure AI Engineer (AI-102),Bachelor's,Statistics,Python,GCP,LangChain|TensorFlow,GitHub Actions|Docker,,Delivered NLP classification and prompt-engineered workflows integrated into a Banking case system.,"Junior AI Engineer with 3 years of experience across Banking. Delivered NLP classification and prompt-engineered workflows integrated into a Banking case system. Core stack: RAG Pipelines, Prompt Engineering, Machine Learning, Feature Engineering, Python, GCP, GitHub Actions, Docker. Certifications: AWS Machine Learning Specialty, Azure AI Engineer (AI-102). Comfortable in Agile delivery teams and client-facing environments.",3.2,3.4,3.7,3.4,3.1,2.3,2026-09-17,1099,$60-75/hr,4.3,Rolling Off Current Project,Recently certified; limited hands-on project depth so far - good for supervised roles.
C-056,Pedro,Whitmore,Seattle,WA,US Citizen,No,Remote Only,3,AI Engineer,Data Engineer,NLP|Model Deployment|Responsible AI|LLM Integration|Performance Tuning,Public Sector,TensorFlow Developer Certificate,Associate,Computer Science,R,GCP,PyTorch|SageMaker,GitHub Actions|Docker,,Shipped an LLM-based document triage assistant with RAG retrieval for a Public Sector operations team.,AI ENGINEER - 3+ yrs. nlp / model deployment / responsible ai / r / github actions. refs avail on request. see attached doc (missing).,3.2,3.2,3.1,3.9,3.3,2.7,2026-08-23,W2 Hourly,$60-75/hr,,Available - On Bench,Profile incomplete - awaiting updated resume and assessment results from consultant.
C-057,Sarah,Quintero,Phoenix,AZ,US Citizen,No,Hybrid,7,Scrum Master,Business Analyst,Conflict Resolution|Sprint Planning|Team Metrics & Reporting|SAFe Program Execution|Scrum Facilitation|Backlog Refinement|Agile Coaching|Gap Analysis|UAT Planning,Manufacturing|Energy,SAFe Scrum Master|CSM|PSM I,Bachelor's,Information Systems,,,Rally|Confluence|Miro,Azure DevOps Boards,,Coached two Manufacturing delivery squads through SAFe PI planning and cut carryover by 40%.,"Mid-level Scrum Master with 7 years of experience across Manufacturing, Energy. Coached two Manufacturing delivery squads through SAFe PI planning and cut carryover by 40%. Core stack: Conflict Resolution, Sprint Planning, Team Metrics & Reporting, SAFe Program Execution, Azure DevOps Boards. Certifications: SAFe Scrum Master, CSM. Comfortable in Agile delivery teams and client-facing environments.",4.1,4.2,3.8,4.3,4.4,3.8,2026-08-19,W2 Hourly,$60-75/hr,4.3,Available - On Bench,Consistently strong delivery feedback; low placement risk.
C-058,Rachel,Vance,Des Moines,IA,H-1B - Employer Sponsorship/Transfer Required,No,Flexible,5,Scrum Master,Product Analyst,Scrum Facilitation|Conflict Resolution|SAFe Program Execution|Team Metrics & Reporting|Sprint Planning|Impediment Removal|Agile Coaching|User Research|Dashboarding,FinTech|Insurance,SAFe Scrum Master|PSM I,Bachelor's,Information Systems,,,Miro|Rally|Confluence,Azure DevOps Boards,,Coached two Insurance delivery squads through SAFe PI planning and cut carryover by 40%.,"Mid-level Scrum Master with 5 years of experience across FinTech, Insurance. Coached two Insurance delivery squads through SAFe PI planning and cut carryover by 40%. Core stack: Scrum Facilitation, Conflict Resolution, SAFe Program Execution, Team Metrics & Reporting, Azure DevOps Boards. Certifications: SAFe Scrum Master. Comfortable in Agile delivery teams and client-facing environments.",4.3,4.2,4.6,4.5,4.4,3.6,2026-09-10,C2C,$60-75/hr,4.1,Notice Period,Consistently strong delivery feedback; low placement risk.
C-059,Emily,Grimes,Portland,OR,EAD - No Sponsorship Required,No,Hybrid,7,Scrum Master,Product Analyst,Backlog Refinement|Agile Coaching|Team Metrics & Reporting|Conflict Resolution|SAFe Program Execution|Sprint Planning|Scrum Facilitation|Dashboarding|Cohort Analysis,Public Sector|Healthcare,PSM I,Bachelor's,Organizational Leadership,,,Miro|Jira|Confluence,Azure DevOps Boards,,Stood up agile metrics and sprint reporting for a newly formed Healthcare product team.,"Mid-level Scrum Master with 7 years of experience across Public Sector, Healthcare. Stood up agile metrics and sprint reporting for a newly formed Healthcare product team. Core stack: Backlog Refinement, Agile Coaching, Team Metrics & Reporting, Conflict Resolution, Azure DevOps Boards. Certifications: PSM I. Comfortable in Agile delivery teams and client-facing environments.",3.5,3.8,3.9,3.2,3.2,3.2,2026-10-01,W2 Hourly,$60-75/hr,3.3,Rolling Off Current Project,Reliable delivery record on recent engagements.
C-060,Viktor,Petrov,Portland,OR,EAD - No Sponsorship Required,No,Onsite OK,10,Scrum Master,Business Analyst,Agile Coaching|Backlog Refinement|Team Metrics & Reporting|Scrum Facilitation|Conflict Resolution|Sprint Planning|Impediment Removal|SAFe Program Execution|UAT Planning|Workshop Facilitation,Logistics|Telecom,PMI-ACP|CSM,Bachelor's,Organizational Leadership,,,Miro|Jira|Confluence|Rally,Azure DevOps Boards,,Facilitated ceremonies and removed cross-team impediments for a Logistics platform release train.,"Senior Scrum Master with 10 years of experience across Logistics, Telecom. Facilitated ceremonies and removed cross-team impediments for a Logistics platform release train. Core stack: Agile Coaching, Backlog Refinement, Team Metrics & Reporting, Scrum Facilitation, Azure DevOps Boards. Certifications: PMI-ACP, CSM. Comfortable in Agile delivery teams and client-facing environments.",3.9,2.5,4.5,4.1,5.0,3.6,2026-08-27,W2 Hourly,$80-95/hr,4.5,Available - On Bench,Deep technical strength; coach on client-facing communication before interviews.
C-061,Courtney,Grimes,New York,NY,US Citizen,No,Flexible,13,Scrum Master,Business Analyst,Backlog Refinement|Scrum Facilitation|Conflict Resolution|Impediment Removal|Sprint Planning|Wireframing|Process Mapping,Energy|Manufacturing|FinTech,SAFe Scrum Master|CSM|PSM I,Bachelor's,Business Administration,,,Jira|Miro,Azure DevOps Boards,,Stood up agile metrics and sprint reporting for a newly formed Manufacturing product team.,"Senior Scrum Master with 13 years of experience across Energy, Manufacturing, FinTech. Stood up agile metrics and sprint reporting for a newly formed Manufacturing product team. Core stack: Backlog Refinement, Scrum Facilitation, Conflict Resolution, Impediment Removal, Azure DevOps Boards. Certifications: SAFe Scrum Master, CSM, PSM I. Comfortable in Agile delivery teams and client-facing environments.",4.3,4.6,3.8,4.9,4.9,3.4,2026-09-28,C2C,$80-95/hr,4.2,Rolling Off Current Project,Excellent client presence and soft skills; pair with a technical anchor on complex builds.
C-062,Viktor,Takahashi,Minneapolis,MN,US Citizen,Yes,Hybrid,3,Scrum Master,Business Analyst,Backlog Refinement|Conflict Resolution|SAFe Program Execution|Agile Coaching|Data Analysis,Banking,PSM II|ICP-ACC,Bachelor's,Organizational Leadership,,,Miro|Rally,Azure DevOps Boards,,Coached two Banking delivery squads through SAFe PI planning and cut carryover by 40%.,"Junior Scrum Master with 3 years of experience across Banking. Coached two Banking delivery squads through SAFe PI planning and cut carryover by 40%. Core stack: Backlog Refinement, Conflict Resolution, SAFe Program Execution, Agile Coaching, Azure DevOps Boards. Certifications: PSM II, ICP-ACC. Comfortable in Agile delivery teams and client-facing environments.",3.1,2.8,3.2,3.2,3.8,2.6,2026-09-12,W2 Hourly,$45-58/hr,3.7,Rolling Off Current Project,Recently certified; limited hands-on project depth so far - good for supervised roles.
C-063,Dmitri,Barros,Tampa,FL,US Citizen,No,Remote Preferred,3,Scrum Master,Product Analyst,Agile Coaching|Impediment Removal|Sprint Planning|Backlog Refinement|Roadmap Support,Public Sector,PMI-ACP,,,,,Rally|Miro,Azure DevOps Boards,,Stood up agile metrics and sprint reporting for a newly formed Public Sector product team.,"resume v3 FINAL - Dmitri - agile coaching / impediment removal / sprint planning / azure devops boards - worked public sector clients, dates tbc",3.1,3.8,3.3,3.4,2.7,2.4,2026-09-07,W2 Hourly,$45-58/hr,,Notice Period,Profile incomplete - awaiting updated resume and assessment results from consultant.
C-064,Vanessa,Rosales,San Diego,CA,US Citizen,No,Remote Preferred,7,Scrum Master,Business Analyst,Team Metrics & Reporting|Conflict Resolution|Sprint Planning|Scrum Facilitation|Agile Coaching|Impediment Removal|SAFe Program Execution|Gap Analysis|Requirements Elicitation,Retail|Logistics,PMI-ACP,Master's,Business Administration,,,Confluence|Miro|Jira,Azure DevOps Boards,,Stood up agile metrics and sprint reporting for a newly formed Retail product team.,"Mid-level Scrum Master with 7 years of experience across Retail, Logistics. Stood up agile metrics and sprint reporting for a newly formed Retail product team. Core stack: Team Metrics & Reporting, Conflict Resolution, Sprint Planning, Scrum Facilitation, Azure DevOps Boards. Certifications: PMI-ACP. Comfortable in Agile delivery teams and client-facing environments.",3.6,3.8,3.5,3.3,3.6,3.6,2026-09-15,1099,$60-75/hr,4.7,Notice Period,Reliable delivery record on recent engagements.
C-065,Emily,Osei,New York,NY,US Citizen,Yes,Onsite OK,3,Product Analyst,Business Analyst,Roadmap Support|Cohort Analysis|User Research|Requirements Elicitation|Funnel Analysis|UAT Planning,Insurance,,Bachelor's,Information Systems,Python,,Google Analytics|Power BI,Jira,,Built self-serve dashboards in Looker for a Insurance growth team and defined north-star metrics.,"Junior Product Analyst with 3 years of experience across Insurance. Built self-serve dashboards in Looker for a Insurance growth team and defined north-star metrics. Core stack: Roadmap Support, Cohort Analysis, User Research, Requirements Elicitation, Python, Jira. No formal certifications listed. Comfortable in Agile delivery teams and client-facing environments.",3.6,3.6,3.9,3.9,3.5,3.2,2026-08-19,1099,$42-55/hr,,Available - On Bench,Consistently strong delivery feedback; low placement risk.
C-066,Roberto,Alvarado,Charlotte,NC,US Citizen,Yes,Remote Only,3,Product Analyst,Business Analyst,A/B Testing|Funnel Analysis|User Research|Roadmap Support|Dashboarding|Wireframing,Public Sector,Pragmatic Marketing Certified (PMC),Master's,Information Systems,Python,,Power BI|Tableau,Jira,,Analyzed cohort retention for a Public Sector subscription product and quantified churn drivers.,"Junior Product Analyst with 3 years of experience across Public Sector. Analyzed cohort retention for a Public Sector subscription product and quantified churn drivers. Core stack: A/B Testing, Funnel Analysis, User Research, Roadmap Support, Python, Jira. Certifications: Pragmatic Marketing Certified (PMC). Comfortable in Agile delivery teams and client-facing environments.",3.4,3.4,3.6,3.2,3.7,2.9,2026-09-27,1099,$42-55/hr,,Rolling Off Current Project,Reliable delivery record on recent engagements.
C-067,Deepak,Beaumont,Des Moines,IA,US Citizen,No,Hybrid,7,Product Analyst,Business Analyst,Dashboarding|A/B Testing|Funnel Analysis|Requirements Elicitation|Product Metrics|User Research|Gap Analysis|UAT Planning,Logistics|Retail,CSPO,Bachelor's,Information Systems,Python|SQL,,Tableau|Google Analytics|Mixpanel,Jira,,Built self-serve dashboards in Looker for a Retail growth team and defined north-star metrics.,"Mid-level Product Analyst with 7 years of experience across Logistics, Retail. Built self-serve dashboards in Looker for a Retail growth team and defined north-star metrics. Core stack: Dashboarding, A/B Testing, Funnel Analysis, Requirements Elicitation, Python, SQL, Jira. Certifications: CSPO. Comfortable in Agile delivery teams and client-facing environments.",3.6,2.5,4.1,3.9,4.1,3.4,2026-08-15,W2 or C2C,$58-72/hr,4.8,Available - On Bench,Deep technical strength; coach on client-facing communication before interviews.
C-068,Roberto,Stanton,Atlanta,GA,US Citizen,No,Hybrid,4,Product Analyst,Business Analyst,Product Metrics|Cohort Analysis|Requirements Elicitation|User Story Writing|Workshop Facilitation,Energy|Manufacturing,CSPO,Bachelor's,Business Administration,SQL|Python,,Mixpanel|Google Analytics,Jira,,Built self-serve dashboards in Looker for a Energy growth team and defined north-star metrics.,"Mid-level Product Analyst with 4 years of experience across Energy, Manufacturing. Built self-serve dashboards in Looker for a Energy growth team and defined north-star metrics. Core stack: Product Metrics, Cohort Analysis, Requirements Elicitation, User Story Writing, SQL, Python, Jira. Certifications: CSPO. Comfortable in Agile delivery teams and client-facing environments.",4.3,4.6,4.5,4.5,4.7,3.3,2026-08-29,C2C,$58-72/hr,4.8,Available - On Bench,Excellent client presence and soft skills; pair with a technical anchor on complex builds.
C-069,Jasmine,Tran,Philadelphia,PA,H-1B - Employer Sponsorship/Transfer Required,No,Remote Only,2,Product Analyst,Business Analyst,Roadmap Support|A/B Testing|User Research|Dashboarding|Requirements Elicitation,FinTech,Google Analytics IQ|Pragmatic Marketing Certified (PMC),Master's,Business Administration,Python,,Excel|Google Analytics,Jira,,Analyzed cohort retention for a FinTech subscription product and quantified churn drivers.,"Junior Product Analyst with 2 years of experience across FinTech. Analyzed cohort retention for a FinTech subscription product and quantified churn drivers. Core stack: Roadmap Support, A/B Testing, User Research, Dashboarding, Python, Jira. Certifications: Google Analytics IQ, Pragmatic Marketing Certified (PMC). Comfortable in Agile delivery teams and client-facing environments.",3.3,3.9,3.7,3.1,3.0,2.9,2026-09-10,W2 Hourly,$42-55/hr,4.9,Rolling Off Current Project,Recently certified; limited hands-on project depth so far - good for supervised roles.
C-070,Kenji,Whitmore,Richmond,VA,US Citizen,Yes,Remote Only,4,Product Analyst,Business Analyst,Requirements Elicitation|Product Metrics|Funnel Analysis|Roadmap Support|A/B Testing|Cohort Analysis|Wireframing|Requirements Elicitation,Public Sector|Healthcare,,Master's,Economics,SQL|Python,,Amplitude|Looker|Power BI,Jira,,Analyzed cohort retention for a Public Sector subscription product and quantified churn drivers.,PRODUCT ANALYST - 4+ yrs. requirements elicitation / product metrics / funnel analysis / sql / jira. refs avail on request. see attached doc (missing).,3.5,3.5,3.7,3.6,3.4,3.3,2026-08-30,1099,$58-72/hr,,Available - On Bench,Profile incomplete - awaiting updated resume and assessment results from consultant.
C-071,Kenji,Winslow,Hartford,CT,US Citizen,Yes,Remote Only,16,Product Analyst,Business Analyst,Product Metrics|User Research|Funnel Analysis|Requirements Elicitation|A/B Testing|Dashboarding|Roadmap Support|Cohort Analysis|Requirements Elicitation|Process Mapping,Retail|Logistics,Pragmatic Marketing Certified (PMC)|Google Analytics IQ,Bachelor's,Business Administration,Python|SQL,,Tableau|Looker|Google Analytics|Power BI,Jira,,Built self-serve dashboards in Looker for a Retail growth team and defined north-star metrics.,"Senior Product Analyst with 16 years of experience across Retail, Logistics. Built self-serve dashboards in Looker for a Retail growth team and defined north-star metrics. Core stack: Product Metrics, User Research, Funnel Analysis, Requirements Elicitation, Python, SQL, Jira. Certifications: Pragmatic Marketing Certified (PMC), Google Analytics IQ. Comfortable in Agile delivery teams and client-facing environments.",4.2,3.6,4.1,4.3,3.9,5.0,2026-08-23,W2 or C2C,$75-90/hr,4.5,Available - On Bench,Reliable delivery record on recent engagements.
C-072,Fatima,Villanueva,Atlanta,GA,US Citizen,No,Hybrid,15,Product Analyst,Business Analyst,Cohort Analysis|Product Metrics|Requirements Elicitation|User Research|A/B Testing|Roadmap Support|Dashboarding|Funnel Analysis|UAT Planning|Workshop Facilitation,Energy|Manufacturing,Google Analytics IQ|CSPO,Bachelor's,Business Administration,SQL|Python,,Excel|Amplitude|Google Analytics|Mixpanel,Jira,,"Ran A/B tests and funnel analysis for a Energy mobile app, informing 3 roadmap pivots.","Senior Product Analyst with 15 years of experience across Energy, Manufacturing. Ran A/B tests and funnel analysis for a Energy mobile app, informing 3 roadmap pivots. Core stack: Cohort Analysis, Product Metrics, Requirements Elicitation, User Research, SQL, Python, Jira. Certifications: Google Analytics IQ, CSPO. Comfortable in Agile delivery teams and client-facing environments.",4.0,4.0,4.2,4.0,4.2,3.8,2026-09-25,W2 Hourly,$75-90/hr,4.6,Rolling Off Current Project,Consistently strong delivery feedback; low placement risk.
C-073,Rachel,Sandoval,Seattle,WA,TN Visa - No Sponsorship Required,No,Hybrid,3,Software Developer in Test,Full Stack Developer,BDD|API Automation|Test Automation Framework Design|Performance Testing|UI Automation|Database Design,Healthcare,AWS Developer Associate,Master's,Software Engineering,Java,AWS,Jira,Docker|GitLab CI,Cucumber|TestNG,Designed a Playwright/TypeScript automation framework with CI integration for a Healthcare web platform.,"Junior Software Developer in Test with 3 years of experience across Healthcare. Designed a Playwright/TypeScript automation framework with CI integration for a Healthcare web platform. Core stack: BDD, API Automation, Test Automation Framework Design, Performance Testing, Java, AWS, Docker, GitLab CI, Cucumber. Certifications: AWS Developer Associate. Comfortable in Agile delivery teams and client-facing environments.",3.3,3.4,3.5,3.2,3.6,3.0,2026-10-21,W2 Hourly,$48-60/hr,4.5,On Project,Consistently strong delivery feedback; low placement risk.
C-074,Brianna,Kaminski,Seattle,WA,H-1B - Employer Sponsorship/Transfer Required,No,Hybrid,6,Software Developer in Test,Quality Assurance Analyst,UI Automation|Mobile Test Automation|Test Automation Framework Design|BDD|CI Integration|Contract Testing|API Automation|Test Case Design|Accessibility Testing,Telecom|Logistics,AWS Developer Associate,Bachelor's,Computer Science,JavaScript|TypeScript,AWS,Jira,GitHub Actions|Docker|Jenkins,Appium|TestNG|Cypress,Built RestAssured API suites and performance baselines (JMeter) for a Logistics services layer.,"Mid-level Software Developer in Test with 6 years of experience across Telecom, Logistics. Built RestAssured API suites and performance baselines (JMeter) for a Logistics services layer. Core stack: UI Automation, Mobile Test Automation, Test Automation Framework Design, BDD, JavaScript, TypeScript, AWS, GitHub Actions, Docker, Appium. Certifications: AWS Developer Associate. Comfortable in Agile delivery teams and client-facing environments.",3.8,3.9,3.9,3.5,4.0,3.6,2026-08-23,C2C,$65-80/hr,4.6,Available - On Bench,Reliable delivery record on recent engagements.
C-075,Melissa,Sherwood,Raleigh,NC,US Citizen,No,Remote Preferred,6,Software Developer in Test,Quality Assurance Analyst,BDD|Performance Testing|Mobile Test Automation|Contract Testing|UI Automation|Test Automation Framework Design|Test Case Design|Test Data Management,Manufacturing|Energy,AWS Developer Associate,Bachelor's,Computer Science,Python|C#,AWS,Jira,Docker|GitLab CI|GitHub Actions,Cucumber|k6|Appium,Built RestAssured API suites and performance baselines (JMeter) for a Manufacturing services layer.,"Mid-level Software Developer in Test with 6 years of experience across Manufacturing, Energy. Built RestAssured API suites and performance baselines (JMeter) for a Manufacturing services layer. Core stack: BDD, Performance Testing, Mobile Test Automation, Contract Testing, Python, C#, AWS, Docker, GitLab CI, Cucumber. Certifications: AWS Developer Associate. Comfortable in Agile delivery teams and client-facing environments.",3.8,2.4,4.3,4.3,4.1,3.8,2026-12-20,W2 Hourly,$65-80/hr,4.0,On Project,Deep technical strength; coach on client-facing communication before interviews.
C-076,Ravi,Rowan,Columbus,OH,US Citizen,No,Flexible,4,Software Developer in Test,Full Stack Developer,Mobile Test Automation|BDD|Test Automation Framework Design|Node.js|Database Design,Banking|Insurance,AWS Developer Associate,Bachelor's,Information Systems,C#|TypeScript,AWS,Jira,GitLab CI|Jenkins,JMeter|Appium,"Automated regression for a Insurance release pipeline, cutting manual cycle time from 5 days to 1.","Mid-level Software Developer in Test with 4 years of experience across Banking, Insurance. Automated regression for a Insurance release pipeline, cutting manual cycle time from 5 days to 1. Core stack: Mobile Test Automation, BDD, Test Automation Framework Design, Node.js, C#, TypeScript, AWS, GitLab CI, Jenkins, JMeter. Certifications: AWS Developer Associate. Comfortable in Agile delivery teams and client-facing environments.",4.3,4.8,3.7,4.7,4.7,3.8,2026-08-17,W2 or C2C,$65-80/hr,4.6,Available - On Bench,Excellent client presence and soft skills; pair with a technical anchor on complex builds.
C-077,Ahmed,Vega,Phoenix,AZ,EAD - No Sponsorship Required,Yes,Remote Only,2,Software Developer in Test,Full Stack Developer,Contract Testing|Test Automation Framework Design|CI Integration|Mobile Test Automation|Node.js,Healthcare,AWS Developer Associate|ISTQB Foundation,Bachelor's,Software Engineering,TypeScript,AWS,Jira,Jenkins|Docker,RestAssured|Appium,"Automated regression for a Healthcare release pipeline, cutting manual cycle time from 5 days to 1.","Junior Software Developer in Test with 2 years of experience across Healthcare. Automated regression for a Healthcare release pipeline, cutting manual cycle time from 5 days to 1. Core stack: Contract Testing, Test Automation Framework Design, CI Integration, Mobile Test Automation, TypeScript, AWS, Jenkins, Docker, RestAssured. Certifications: AWS Developer Associate, ISTQB Foundation. Comfortable in Agile delivery teams and client-facing environments.",3.1,3.9,3.3,3.0,3.3,2.2,2026-09-16,W2 Hourly,$48-60/hr,,Rolling Off Current Project,Recently certified; limited hands-on project depth so far - good for supervised roles.
C-078,Whitney,Barros,Phoenix,AZ,H-1B - Employer Sponsorship/Transfer Required,No,Onsite OK,9,Software Developer in Test,Quality Assurance Analyst,Test Automation Framework Design|CI Integration|Contract Testing|UI Automation|API Automation|BDD|Performance Testing|Mobile Test Automation|Exploratory Testing|Regression Testing,Logistics|Retail|Telecom,ISTQB Advanced Test Automation Engineer,,,C#|Python|TypeScript,AWS,Jira,Jenkins|Docker|GitLab CI|GitHub Actions,k6|JMeter|Cypress|Playwright,Designed a Playwright/TypeScript automation framework with CI integration for a Telecom web platform.,"resume v3 FINAL - Whitney - test automation framework design / ci integration / contract testing / c# / jenkins - worked logistics clients, dates tbc",4.1,3.9,3.9,4.4,4.5,3.9,2026-09-13,W2 or C2C,$85-100/hr,,Notice Period,Profile incomplete - awaiting updated resume and assessment results from consultant.
C-079,Mateo,Thackeray,Des Moines,IA,H-1B - Employer Sponsorship/Transfer Required,Yes,Hybrid,11,Software Developer in Test,Full Stack Developer,UI Automation|Performance Testing|Test Automation Framework Design|BDD|API Automation|Mobile Test Automation|CI Integration|Contract Testing|React|Node.js,Energy|Manufacturing,ISTQB Advanced Test Automation Engineer|AWS Developer Associate|ISTQB Foundation,Associate,Software Engineering,Python|TypeScript|Java,AWS,Jira,Docker|Jenkins|GitLab CI|GitHub Actions,Cypress|Playwright|Selenium|Cucumber,Built RestAssured API suites and performance baselines (JMeter) for a Manufacturing services layer.,"Senior Software Developer in Test with 11 years of experience across Energy, Manufacturing. Built RestAssured API suites and performance baselines (JMeter) for a Manufacturing services layer. Core stack: UI Automation, Performance Testing, Test Automation Framework Design, BDD, Python, TypeScript, AWS, Docker, Jenkins, Cypress. Certifications: ISTQB Advanced Test Automation Engineer, AWS Developer Associate, ISTQB Foundation. Comfortable in Agile delivery teams and client-facing environments.",4.5,4.6,4.4,4.4,4.4,4.7,2026-08-26,1099,$85-100/hr,4.1,Available - On Bench,Reliable delivery record on recent engagements.
C-080,Nicole,Stanton,Nashville,TN,US Citizen,Yes,Remote Only,2,Software Developer in Test,Quality Assurance Analyst,UI Automation|BDD|Performance Testing|API Automation|Contract Testing|Test Planning,Banking,ISTQB Advanced Test Automation Engineer,Bachelor's,Software Engineering,TypeScript,AWS,Jira,Jenkins|GitHub Actions,Selenium|Playwright,Designed a Playwright/TypeScript automation framework with CI integration for a Banking web platform.,"Junior Software Developer in Test with 2 years of experience across Banking. Designed a Playwright/TypeScript automation framework with CI integration for a Banking web platform. Core stack: UI Automation, BDD, Performance Testing, API Automation, TypeScript, AWS, Jenkins, GitHub Actions, Selenium. Certifications: ISTQB Advanced Test Automation Engineer. Comfortable in Agile delivery teams and client-facing environments.",3.8,3.9,4.2,4.3,3.6,2.9,2026-08-26,W2 Hourly,$48-60/hr,,Available - On Bench,Consistently strong delivery feedback; low placement risk.
C-081,Courtney,Sandoval,Milwaukee,WI,EAD - No Sponsorship Required,Yes,Remote Preferred,12,Business Analyst,Product Analyst,Stakeholder Management|BPMN|Scrum Facilitation|User Story Writing|UAT Planning|Gap Analysis|Data Analysis|Requirements Elicitation|Process Mapping|Wireframing,Banking|Public Sector|Logistics,ECBA|CSPO,Master's,Information Systems,SQL,,Jira|Tableau|Power BI,Azure DevOps Boards,UAT Test Scripts,Owned backlog grooming and gap analysis for a Logistics platform migration serving 4 business units.,"Senior Business Analyst with 12 years of experience across Banking, Public Sector, Logistics. Owned backlog grooming and gap analysis for a Logistics platform migration serving 4 business units. Core stack: Stakeholder Management, BPMN, Scrum Facilitation, User Story Writing, SQL, Azure DevOps Boards, UAT Test Scripts. Certifications: ECBA, CSPO. Comfortable in Agile delivery teams and client-facing environments.",3.8,4.1,4.7,3.6,3.3,3.3,2026-08-11,W2 Hourly,$78-92/hr,3.9,Available - On Bench,Consistently strong delivery feedback; low placement risk.
C-082,Deepak,Castellano,Phoenix,AZ,US Citizen,No,Onsite OK,5,Business Analyst,Product Analyst,Requirements Elicitation|BPMN|Cohort Analysis|UAT Planning|Data Analysis|Stakeholder Management|Wireframing,Banking|Insurance,PMI-PBA,,,SQL,,Confluence|Power BI,Azure DevOps Boards,UAT Test Scripts,Owned backlog grooming and gap analysis for a Insurance platform migration serving 4 business units.,requirements elicitation / bpmn / cohort analysis / sql / azure devops boards ; 5 yrs exp ; open to hybrid ; rate negotiable,,,,,,,2026-08-20,C2C,$58-72/hr,,Available - On Bench,Profile incomplete - awaiting updated resume and assessment results from consultant.
C-083,Kwame,Rowan,Boston,MA,US Citizen,No,Hybrid,1,Business Analyst,Product Analyst,Workshop Facilitation|Data Analysis|Cohort Analysis|Wireframing|User Story Writing|Process Mapping,Healthcare,PMI-PBA,Bachelor's,Computer Engineering,SQL,,Tableau|Power BI,Azure DevOps Boards,UAT Test Scripts,"Facilitated discovery workshops and process mapping for a Healthcare operations modernization, cutting handoff steps by a third.","Junior Business Analyst with 1 years of experience across Healthcare. Facilitated discovery workshops and process mapping for a Healthcare operations modernization, cutting handoff steps by a third. Core stack: Workshop Facilitation, Data Analysis, Cohort Analysis, Wireframing, SQL, Azure DevOps Boards, UAT Test Scripts. Certifications: PMI-PBA. Comfortable in Agile delivery teams and client-facing environments.",3.5,3.9,3.3,3.9,4.1,2.2,2026-08-25,C2C,$42-52/hr,,Available - On Bench,Recently certified; limited hands-on project depth so far - good for supervised roles.
C-084,Ingrid,Vance,Dallas,TX,US Permanent Resident (Green Card),No,Hybrid,7,Business Analyst,Product Analyst,Wireframing|BPMN|UAT Planning|User Story Writing|Sprint Planning|Workshop Facilitation|Gap Analysis|Data Analysis|Stakeholder Management,Banking|Public Sector,ECBA|CSPO,Bachelor's,Organizational Leadership,SQL,,Visio|Tableau|Jira|Confluence,Azure DevOps Boards,UAT Test Scripts,"Facilitated discovery workshops and process mapping for a Banking operations modernization, cutting handoff steps by a third.","Mid-level Business Analyst with 7 years of experience across Banking, Public Sector. Facilitated discovery workshops and process mapping for a Banking operations modernization, cutting handoff steps by a third. Core stack: Wireframing, BPMN, UAT Planning, User Story Writing, SQL, Azure DevOps Boards, UAT Test Scripts. Certifications: ECBA, CSPO. Comfortable in Agile delivery teams and client-facing environments.",4.2,4.7,4.8,3.7,3.0,4.8,2026-08-13,W2 Hourly,$58-72/hr,,Available - On Bench,Consistently strong delivery feedback; low placement risk.
C-085,Megan,Rowan,Atlanta,GA,US Citizen,Yes,Onsite OK,8,Business Analyst,Product Analyst,Scrum Facilitation|User Research|Dashboarding|Wireframing|Data Analysis|Sprint Planning,Banking|Insurance,ECBA|CBAP,Master's,Software Engineering,SQL,,Excel|Visio,Azure DevOps Boards,UAT Test Scripts,"Facilitated discovery workshops and process mapping for a Banking operations modernization, cutting handoff steps by a third.","Mid-level Business Analyst with 8 years of experience across Banking, Insurance. Facilitated discovery workshops and process mapping for a Banking operations modernization, cutting handoff steps by a third. Core stack: Scrum Facilitation, User Research, Dashboarding, Wireframing, SQL, Azure DevOps Boards, UAT Test Scripts. Certifications: ECBA, CBAP. Comfortable in Agile delivery teams and client-facing environments.",3.5,2.0,4.2,3.6,3.6,4.1,2026-09-14,1099,$58-72/hr,4.8,Rolling Off Current Project,Deep technical strength; coach on client-facing communication before interviews.
C-086,Samuel,Vega,Portland,OR,US Citizen,Yes,Remote Preferred,2,Business Analyst,Scrum Master,Process Mapping|Scrum Facilitation|Backlog Refinement|Workshop Facilitation|Gap Analysis,Logistics,CCBA,Bachelor's,Information Systems,SQL,,Jira|Excel|Power BI|Tableau,Azure DevOps Boards,UAT Test Scripts,"Facilitated discovery workshops and process mapping for a Logistics operations modernization, cutting handoff steps by a third.","Junior Business Analyst with 2 years of experience across Logistics. Facilitated discovery workshops and process mapping for a Logistics operations modernization, cutting handoff steps by a third. Core stack: Process Mapping, Scrum Facilitation, Backlog Refinement, Workshop Facilitation, SQL, Azure DevOps Boards, UAT Test Scripts. Certifications: CCBA. Comfortable in Agile delivery teams and client-facing environments.",4.2,3.9,4.1,4.3,4.0,4.7,2026-09-25,C2C,$42-52/hr,3.8,Rolling Off Current Project,Recently certified; limited hands-on project depth so far - good for supervised roles.
C-087,Mateo,Radcliffe,Chicago,IL,US Citizen,No,Remote Preferred,9,Business Analyst,Scrum Master,Workshop Facilitation|BPMN|Data Analysis|Requirements Elicitation|Gap Analysis|Wireframing|UAT Planning|Process Mapping|User Story Writing,Banking|Public Sector,PMI-PBA,Bachelor's,Information Systems,SQL,,Power BI|Tableau|Confluence,Azure DevOps Boards,UAT Test Scripts,"Facilitated discovery workshops and process mapping for a Public Sector operations modernization, cutting handoff steps by a third.","Senior Business Analyst with 9 years of experience across Banking, Public Sector. Facilitated discovery workshops and process mapping for a Public Sector operations modernization, cutting handoff steps by a third. Core stack: Workshop Facilitation, BPMN, Data Analysis, Requirements Elicitation, SQL, Azure DevOps Boards, UAT Test Scripts. Certifications: PMI-PBA. Comfortable in Agile delivery teams and client-facing environments.",3.5,2.2,3.6,4.6,4.9,2.2,2026-08-19,W2 Hourly,$78-92/hr,4.9,Available - On Bench,Deep technical strength; coach on client-facing communication before interviews.
C-088,Shannon,Sherwood,Columbus,OH,US Permanent Resident (Green Card),No,Onsite OK,6,Business Analyst,Scrum Master,Data Analysis|Requirements Elicitation|Team Metrics & Reporting|Gap Analysis|Scrum Facilitation|Workshop Facilitation|Process Mapping|User Research|Wireframing,Healthcare|Public Sector,PMI-PBA|CSPO,Bachelor's,Computer Science,SQL,,Power BI|Excel|Tableau|Visio,Azure DevOps Boards,UAT Test Scripts,Owned backlog grooming and gap analysis for a Healthcare platform migration serving 4 business units.,"Mid-level Business Analyst with 6 years of experience across Healthcare, Public Sector. Owned backlog grooming and gap analysis for a Healthcare platform migration serving 4 business units. Core stack: Data Analysis, Requirements Elicitation, Team Metrics & Reporting, Gap Analysis, SQL, Azure DevOps Boards, UAT Test Scripts. Certifications: PMI-PBA, CSPO. Comfortable in Agile delivery teams and client-facing environments.",3.7,4.6,2.7,3.5,4.5,3.1,2026-09-09,C2C,$58-72/hr,,Rolling Off Current Project,Excellent client presence and soft skills; pair with a technical anchor on complex builds.
C-089,Felix,Alves,Dallas,TX,H-1B - Employer Sponsorship/Transfer Required,Yes,Onsite OK,13,Business Analyst,Product Analyst,Workshop Facilitation|Cohort Analysis|UAT Planning|BPMN|Dashboarding|Agile Coaching|Data Analysis|Stakeholder Management|Scrum Facilitation,Logistics|Retail|Public Sector,ECBA,Bachelor's,Organizational Leadership,SQL,,Tableau|Excel|Power BI,Azure DevOps Boards,UAT Test Scripts,Owned backlog grooming and gap analysis for a Logistics platform migration serving 4 business units.,"Senior Business Analyst with 13 years of experience across Logistics, Retail, Public Sector. Owned backlog grooming and gap analysis for a Logistics platform migration serving 4 business units. Core stack: Workshop Facilitation, Cohort Analysis, UAT Planning, BPMN, SQL, Azure DevOps Boards, UAT Test Scripts. Certifications: ECBA. Comfortable in Agile delivery teams and client-facing environments.",4.0,4.6,4.0,4.8,4.2,2.3,2026-09-07,W2 or C2C,$78-92/hr,4.8,Rolling Off Current Project,Consistently strong delivery feedback; low placement risk.
C-090,Deepak,Quintero,Nashville,TN,US Citizen,No,Remote Only,8,Business Analyst,Product Analyst,Process Mapping|User Story Writing|Scrum Facilitation|Requirements Elicitation|UAT Planning|Sprint Planning,Energy|Manufacturing,CSPO|PMI-PBA,Bachelor's,Computer Engineering,SQL,,Confluence|Tableau,Azure DevOps Boards,UAT Test Scripts,"Led requirements and UAT for a Energy payments modernization program, translating stakeholder needs into 200+ user stories.","Mid-level Business Analyst with 8 years of experience across Energy, Manufacturing. Led requirements and UAT for a Energy payments modernization program, translating stakeholder needs into 200+ user stories. Core stack: Process Mapping, User Story Writing, Scrum Facilitation, Requirements Elicitation, SQL, Azure DevOps Boards, UAT Test Scripts. Certifications: CSPO, PMI-PBA. Comfortable in Agile delivery teams and client-facing environments.",3.9,4.5,4.6,3.6,2.8,3.8,2026-09-20,W2 Hourly,$58-72/hr,4.3,Rolling Off Current Project,Excellent client presence and soft skills; pair with a technical anchor on complex builds.
C-091,Dana,Calloway,Minneapolis,MN,US Citizen,No,Hybrid,3,Business Analyst,Product Analyst,UAT Planning|Requirements Elicitation|Workshop Facilitation|Stakeholder Management|User Research,Logistics,CSPO|PMI-PBA,Bachelor's,Business Administration,SQL,,Visio|Jira,Azure DevOps Boards,UAT Test Scripts,"Led requirements and UAT for a Logistics payments modernization program, translating stakeholder needs into 200+ user stories.","Junior Business Analyst with 3 years of experience across Logistics. Led requirements and UAT for a Logistics payments modernization program, translating stakeholder needs into 200+ user stories. Core stack: UAT Planning, Requirements Elicitation, Workshop Facilitation, Stakeholder Management, SQL, Azure DevOps Boards, UAT Test Scripts. Certifications: CSPO, PMI-PBA. Comfortable in Agile delivery teams and client-facing environments.",3.4,3.9,3.0,2.8,4.8,2.6,2026-11-28,1099,$42-52/hr,,On Project,Reliable delivery record on recent engagements.
C-092,Pedro,Byrne,San Diego,CA,H-1B - Employer Sponsorship/Transfer Required,Yes,Onsite OK,7,Business Analyst,Product Analyst,UAT Planning|Data Analysis|Wireframing|Process Mapping|Workshop Facilitation|User Research|Requirements Elicitation,Energy|Manufacturing,CSPO|PMI-PBA,Bachelor's,Business Administration,SQL,,Tableau|Excel,Azure DevOps Boards,UAT Test Scripts,"Facilitated discovery workshops and process mapping for a Energy operations modernization, cutting handoff steps by a third.",BUSINESS ANALYST - 7+ yrs. uat planning / data analysis / wireframing / sql / azure devops boards. refs avail on request. see attached doc (missing).,4.0,3.6,4.9,3.7,3.8,4.1,2026-08-13,W2 or C2C,$58-72/hr,,Available - On Bench,Profile incomplete - awaiting updated resume and assessment results from consultant.
C-093,Hannah,Ferreira,Denver,CO,US Citizen,Yes,Hybrid,1,Business Analyst,Product Analyst,Data Analysis|Wireframing|UAT Planning|BPMN|User Story Writing,Energy,,PhD,Information Systems,SQL,,Visio|Excel,Azure DevOps Boards,UAT Test Scripts,"Facilitated discovery workshops and process mapping for a Energy operations modernization, cutting handoff steps by a third.","Junior Business Analyst with 1 years of experience across Energy. Facilitated discovery workshops and process mapping for a Energy operations modernization, cutting handoff steps by a third. Core stack: Data Analysis, Wireframing, UAT Planning, BPMN, SQL, Azure DevOps Boards, UAT Test Scripts. No formal certifications listed. Comfortable in Agile delivery teams and client-facing environments.",4.5,4.8,5.0,4.5,5.0,3.3,2026-09-13,W2 Hourly,$42-52/hr,4.6,Notice Period,Consistently strong delivery feedback; low placement risk.
C-094,Sarah,Whitmore,Atlanta,GA,US Citizen,Yes,Onsite OK,1,Business Analyst,Scrum Master,User Story Writing|Wireframing|Process Mapping|Data Analysis|Dashboarding,Banking,CBAP|ECBA,Bachelor's,Data Science,SQL,,Excel|Jira,Azure DevOps Boards,UAT Test Scripts,Owned backlog grooming and gap analysis for a Banking platform migration serving 4 business units.,"Junior Business Analyst with 1 years of experience across Banking. Owned backlog grooming and gap analysis for a Banking platform migration serving 4 business units. Core stack: User Story Writing, Wireframing, Process Mapping, Data Analysis, SQL, Azure DevOps Boards, UAT Test Scripts. Certifications: CBAP, ECBA. Comfortable in Agile delivery teams and client-facing environments.",3.9,3.5,3.9,4.6,4.2,3.1,2026-11-19,W2 or C2C,$42-52/hr,3.8,On Project,Recently certified; limited hands-on project depth so far - good for supervised roles.
C-095,Maria,Stanton,Nashville,TN,US Citizen,No,Remote Preferred,9,Business Analyst,Scrum Master,Team Metrics & Reporting|Workshop Facilitation|Agile Coaching|Scrum Facilitation|Wireframing|Sprint Planning|Requirements Elicitation|User Story Writing|Gap Analysis,Logistics|Retail,PMI-PBA|CBAP,Associate,Software Engineering,SQL,,Tableau|Excel,Azure DevOps Boards,UAT Test Scripts,"Facilitated discovery workshops and process mapping for a Retail operations modernization, cutting handoff steps by a third.","Senior Business Analyst with 9 years of experience across Logistics, Retail. Facilitated discovery workshops and process mapping for a Retail operations modernization, cutting handoff steps by a third. Core stack: Team Metrics & Reporting, Workshop Facilitation, Agile Coaching, Scrum Facilitation, SQL, Azure DevOps Boards, UAT Test Scripts. Certifications: PMI-PBA, CBAP. Comfortable in Agile delivery teams and client-facing environments.",3.4,3.3,3.4,3.2,3.8,3.5,2026-09-04,W2 Hourly,$78-92/hr,4.6,Notice Period,Consistently strong delivery feedback; low placement risk.
C-096,Emily,Chandler,St. Louis,MO,US Citizen,No,Remote Only,3,Business Analyst,Product Analyst,Requirements Elicitation|Wireframing|User Story Writing|Agile Coaching|User Research|Stakeholder Management,Banking,,Bachelor's,Information Systems,SQL,,Tableau|Jira|Excel|Visio,Azure DevOps Boards,UAT Test Scripts,"Facilitated discovery workshops and process mapping for a Banking operations modernization, cutting handoff steps by a third.","Junior Business Analyst with 3 years of experience across Banking. Facilitated discovery workshops and process mapping for a Banking operations modernization, cutting handoff steps by a third. Core stack: Requirements Elicitation, Wireframing, User Story Writing, Agile Coaching, SQL, Azure DevOps Boards, UAT Test Scripts. No formal certifications listed. Comfortable in Agile delivery teams and client-facing environments.",3.9,4.2,4.4,3.5,4.1,3.4,2026-09-23,W2 Salaried (FTE conversion open),$42-52/hr,,Rolling Off Current Project,Recently certified; limited hands-on project depth so far - good for supervised roles.
C-097,Mateo,Alves,Phoenix,AZ,US Citizen,No,Hybrid,6,Quality Assurance Analyst,Business Analyst,Mobile Test Automation|Test Case Design|Accessibility Testing|API Automation|Test Data Management|Defect Triage|Test Planning,Public Sector|Healthcare,ISTQB Foundation|ISTQB Advanced Test Analyst|Certified Agile Tester,Bachelor's,Information Systems,Python|SQL,AWS,Confluence|Excel|Jira,Azure DevOps|Jenkins,qTest|Selenium|TestRail|Zephyr,Coordinated UAT cycles and test data management for a Healthcare core system upgrade.,"Mid-level Quality Assurance Analyst with 6 years of experience across Public Sector, Healthcare. Coordinated UAT cycles and test data management for a Healthcare core system upgrade. Core stack: Mobile Test Automation, Test Case Design, Accessibility Testing, API Automation, Python, SQL, AWS, Azure DevOps, Jenkins, qTest. Certifications: ISTQB Foundation, ISTQB Advanced Test Analyst, Certified Agile Tester. Comfortable in Agile delivery teams and client-facing environments.",3.9,3.6,3.7,4.8,3.7,3.5,2026-09-26,C2C,$52-64/hr,,Rolling Off Current Project,Reliable delivery record on recent engagements.
C-098,Fatima,Alvarado,Seattle,WA,H-1B - Employer Sponsorship/Transfer Required,Yes,Hybrid,10,Quality Assurance Analyst,Software Developer in Test,Mobile Test Automation|Test Case Design|Defect Triage|Test Planning|Exploratory Testing|Test Data Management|Performance Testing|API Automation|Regression Testing|Accessibility Testing,Telecom|Retail|Public Sector,ISTQB Foundation,Bachelor's,Computer Engineering,SQL,AWS,Confluence|Jira|Excel,Azure DevOps|Jenkins,Selenium|Zephyr,Coordinated UAT cycles and test data management for a Retail core system upgrade.,"Senior Quality Assurance Analyst with 10 years of experience across Telecom, Retail, Public Sector. Coordinated UAT cycles and test data management for a Retail core system upgrade. Core stack: Mobile Test Automation, Test Case Design, Defect Triage, Test Planning, SQL, AWS, Azure DevOps, Jenkins, Selenium. Certifications: ISTQB Foundation. Comfortable in Agile delivery teams and client-facing environments.",3.1,3.3,3.0,3.0,3.9,2.4,2026-08-12,1099,$68-80/hr,4.1,Available - On Bench,Consistently strong delivery feedback; low placement risk.
C-099,Mateo,Sherwood,Milwaukee,WI,US Permanent Resident (Green Card),No,Flexible,4,Quality Assurance Analyst,Software Developer in Test,Test Planning|Test Case Design|Exploratory Testing|Defect Triage|Performance Testing|API Automation|UI Automation,Retail|Logistics,Certified Agile Tester,Bachelor's,Information Systems,Python|SQL,AWS,Excel|Jira,Azure DevOps|Jenkins,JMeter|Zephyr|TestRail,Drove defect triage and API test coverage for a Logistics customer portal release train.,"Mid-level Quality Assurance Analyst with 4 years of experience across Retail, Logistics. Drove defect triage and API test coverage for a Logistics customer portal release train. Core stack: Test Planning, Test Case Design, Exploratory Testing, Defect Triage, Python, SQL, AWS, Azure DevOps, Jenkins, JMeter. Certifications: Certified Agile Tester. Comfortable in Agile delivery teams and client-facing environments.",4.1,2.5,4.9,4.9,4.7,3.6,2026-08-27,W2 or C2C,$52-64/hr,,Available - On Bench,Deep technical strength; coach on client-facing communication before interviews.
C-100,Diego,Rowan,Chicago,IL,US Citizen,No,Hybrid,8,Quality Assurance Analyst,Software Developer in Test,API Automation|Mobile Test Automation|Performance Testing|Defect Triage|Test Planning|Exploratory Testing|Accessibility Testing|Test Data Management,Energy|Manufacturing,ISTQB Advanced Test Analyst|Certified Agile Tester,Bachelor's,Organizational Leadership,Python,AWS,Confluence|Excel|Jira,Jenkins|Azure DevOps,Selenium|Zephyr,Coordinated UAT cycles and test data management for a Energy core system upgrade.,"resume v3 FINAL - Diego - api automation / mobile test automation / performance testing / ui automation / data analysis / python / jenkins - worked energy clients, dates tbc",3.6,3.9,2.7,4.1,4.1,3.4,2026-08-15,W2 Hourly,$52-64/hr,,Available - On Bench,Profile incomplete - awaiting updated resume and assessment results from consultant.
C-101,Vanessa,Osei,Raleigh,NC,US Citizen,No,Remote Preferred,2,Quality Assurance Analyst,Software Developer in Test,UI Automation|Accessibility Testing|Performance Testing|Exploratory Testing|Mobile Test Automation|Test Data Management,Banking,Certified Agile Tester,Bachelor's,Information Systems,Python,AWS,Confluence|Excel,Jenkins|Azure DevOps,Selenium|Zephyr,Drove defect triage and API test coverage for a Banking customer portal release train.,"Junior Quality Assurance Analyst with 2 years of experience across Banking. Drove defect triage and API test coverage for a Banking customer portal release train. Core stack: UI Automation, Accessibility Testing, Performance Testing, Exploratory Testing, Python, AWS, Jenkins, Azure DevOps, Selenium. Certifications: Certified Agile Tester. Comfortable in Agile delivery teams and client-facing environments.",3.6,3.2,3.1,3.6,4.7,3.2,2026-08-30,W2 Salaried (FTE conversion open),$38-48/hr,4.0,Available - On Bench,Consistently strong delivery feedback; low placement risk.
C-102,Fatima,Kaminski,San Diego,CA,US Permanent Resident (Green Card),No,Hybrid,1,Quality Assurance Analyst,Software Developer in Test,Defect Triage|Accessibility Testing|Performance Testing|Test Data Management|Data Analysis,Retail,Certified Agile Tester|ISTQB Foundation|ISTQB Advanced Test Analyst,Bachelor's,Data Science,Python|SQL,AWS,Excel|Jira|Confluence,Azure DevOps|Jenkins,Zephyr|TestRail|Selenium,Drove defect triage and API test coverage for a Retail customer portal release train.,"Junior Quality Assurance Analyst with 1 years of experience across Retail. Drove defect triage and API test coverage for a Retail customer portal release train. Core stack: Defect Triage, Accessibility Testing, Performance Testing, Test Data Management, Python, SQL, AWS, Azure DevOps, Jenkins, Zephyr. Certifications: Certified Agile Tester, ISTQB Foundation, ISTQB Advanced Test Analyst. Comfortable in Agile delivery teams and client-facing environments.",4.4,4.4,4.9,4.3,4.8,3.8,2026-09-17,C2C,$38-48/hr,3.6,Rolling Off Current Project,Recently certified; limited hands-on project depth so far - good for supervised roles.
C-103,Shannon,Vega,Columbus,OH,H-1B - Employer Sponsorship/Transfer Required,No,Onsite OK,7,Quality Assurance Analyst,Software Developer in Test,Accessibility Testing|Data Analysis|Defect Triage|Regression Testing|API Automation|UI Automation|Exploratory Testing|Test Case Design,Retail|Logistics,Certified Agile Tester,Bachelor's,Computer Engineering,Python|SQL,AWS,Jira|Excel|Confluence,Azure DevOps|Jenkins,Zephyr|qTest,Drove defect triage and API test coverage for a Logistics customer portal release train.,"Mid-level Quality Assurance Analyst with 7 years of experience across Retail, Logistics. Drove defect triage and API test coverage for a Logistics customer portal release train. Core stack: Accessibility Testing, Data Analysis, Defect Triage, Regression Testing, Python, SQL, AWS, Azure DevOps, Jenkins, Zephyr. Certifications: Certified Agile Tester. Comfortable in Agile delivery teams and client-facing environments.",3.7,3.6,4.0,3.5,4.2,3.1,2026-08-15,1099,$52-64/hr,4.0,Available - On Bench,Reliable delivery record on recent engagements.
C-104,Lukas,Okafor,Boston,MA,US Citizen,No,Flexible,8,Quality Assurance Analyst,Software Developer in Test,Exploratory Testing|API Automation|Accessibility Testing|Test Data Management|Defect Triage|Mobile Test Automation|UAT Planning,Banking|Public Sector,ISTQB Advanced Test Analyst,Master's,Computer Science,SQL,AWS,Confluence|Jira,Azure DevOps|Jenkins,Zephyr|qTest,"Built and executed regression suites for a Public Sector claims platform, tracking 1,500+ test cases in TestRail.","Mid-level Quality Assurance Analyst with 8 years of experience across Banking, Public Sector. Built and executed regression suites for a Public Sector claims platform, tracking 1,500+ test cases in TestRail. Core stack: Exploratory Testing, API Automation, Accessibility Testing, Test Data Management, SQL, AWS, Azure DevOps, Jenkins, Zephyr. Certifications: ISTQB Advanced Test Analyst. Comfortable in Agile delivery teams and client-facing environments.",3.6,3.0,3.1,3.6,4.7,3.4,2026-08-18,W2 or C2C,$52-64/hr,4.8,Available - On Bench,Consistently strong delivery feedback; low placement risk.
C-105,Kenji,Thackeray,Portland,OR,US Citizen,Yes,Onsite OK,2,Quality Assurance Analyst,Software Developer in Test,Test Data Management|Accessibility Testing|Test Automation Framework Design|Test Case Design|Regression Testing|Performance Testing,Retail,ISTQB Foundation,Bachelor's,Information Systems,SQL|Python,AWS,Excel|Confluence,Azure DevOps|Jenkins,qTest|Postman,Coordinated UAT cycles and test data management for a Retail core system upgrade.,"Junior Quality Assurance Analyst with 2 years of experience across Retail. Coordinated UAT cycles and test data management for a Retail core system upgrade. Core stack: Test Data Management, Accessibility Testing, Test Automation Framework Design, Test Case Design, SQL, Python, AWS, Azure DevOps, Jenkins, qTest. Certifications: ISTQB Foundation. Comfortable in Agile delivery teams and client-facing environments.",4.1,3.2,3.8,4.8,5.0,3.9,2026-09-13,W2 or C2C,$38-48/hr,3.4,Rolling Off Current Project,Consistently strong delivery feedback; low placement risk.
C-106,Marcus,Calloway,Richmond,VA,US Permanent Resident (Green Card),No,Hybrid,1,Quality Assurance Analyst,Software Developer in Test,Accessibility Testing|Test Planning|Test Case Design|Test Data Management|Defect Triage,Public Sector,ISTQB Foundation|ISTQB Advanced Test Analyst,Master's,Software Engineering,SQL,AWS,Confluence|Jira,Azure DevOps|Jenkins,Postman|Zephyr,Coordinated UAT cycles and test data management for a Public Sector core system upgrade.,accessibility testing / test planning / test case design / sql / azure devops ; 1 yrs exp ; open to remote ; rate negotiable,3.5,2.8,4.9,4.3,3.6,2.0,2026-08-19,W2 Hourly,$38-48/hr,,Available - On Bench,Profile incomplete - awaiting updated resume and assessment results from consultant.
C-107,Paige,Haddad,Denver,CO,US Citizen,Yes,Remote Preferred,12,Quality Assurance Analyst,Software Developer in Test,Accessibility Testing|API Automation|Mobile Test Automation|Test Data Management|Exploratory Testing|Test Case Design|Test Planning|Defect Triage|Regression Testing|Performance Testing,Public Sector|Energy,ISTQB Foundation,PhD,Information Systems,SQL|Python,AWS,Confluence|Jira,Azure DevOps|Jenkins,Selenium|Zephyr,"Built and executed regression suites for a Energy claims platform, tracking 1,500+ test cases in TestRail.","Senior Quality Assurance Analyst with 12 years of experience across Public Sector, Energy. Built and executed regression suites for a Energy claims platform, tracking 1,500+ test cases in TestRail. Core stack: Accessibility Testing, API Automation, Mobile Test Automation, Test Data Management, SQL, Python, AWS, Azure DevOps, Jenkins, Selenium. Certifications: ISTQB Foundation. Comfortable in Agile delivery teams and client-facing environments.",3.6,3.6,2.8,4.4,5.0,2.2,2026-12-04,1099,$68-80/hr,4.8,On Project,Reliable delivery record on recent engagements.
C-108,Katie,Castellano,Portland,OR,US Citizen,No,Remote Only,15,Quality Assurance Analyst,Business Analyst,Mobile Test Automation|Defect Triage|Test Data Management|UI Automation|Performance Testing|API Automation|Test Case Design|Accessibility Testing|UAT Planning,Banking|Energy,ISTQB Advanced Test Analyst,Bachelor's,Information Technology,Python|SQL,AWS,Excel|Confluence|Jira,Azure DevOps|Jenkins,Zephyr|TestRail|JMeter|Selenium,Drove defect triage and API test coverage for a Banking customer portal release train.,"Senior Quality Assurance Analyst with 15 years of experience across Banking, Energy. Drove defect triage and API test coverage for a Banking customer portal release train. Core stack: Mobile Test Automation, Defect Triage, Test Data Management, UI Automation, Python, SQL, AWS, Azure DevOps, Jenkins, Zephyr. Certifications: ISTQB Advanced Test Analyst. Comfortable in Agile delivery teams and client-facing environments.",3.5,2.4,4.1,3.9,3.1,4.1,2026-09-05,C2C,$68-80/hr,4.7,Rolling Off Current Project,Deep technical strength; coach on client-facing communication before interviews.
C-109,Yuki,Iwata,Denver,CO,US Citizen,No,Hybrid,1,Quality Assurance Analyst,Business Analyst,Exploratory Testing|Test Case Design|Test Planning|Performance Testing|Test Automation Framework Design,Energy,,Master's,Computer Science,SQL|Python,AWS,Jira|Excel,Azure DevOps|Jenkins,Zephyr|TestRail|Postman,Drove defect triage and API test coverage for a Energy customer portal release train.,"Junior Quality Assurance Analyst with 1 years of experience across Energy. Drove defect triage and API test coverage for a Energy customer portal release train. Core stack: Exploratory Testing, Test Case Design, Test Planning, Performance Testing, SQL, Python, AWS, Azure DevOps, Jenkins, Zephyr. No formal certifications listed. Comfortable in Agile delivery teams and client-facing environments.",3.3,3.1,3.8,2.7,4.4,2.5,2026-08-31,1099,$38-48/hr,,Available - On Bench,Recently certified; limited hands-on project depth so far - good for supervised roles.
C-110,Shannon,Winslow,Columbus,OH,US Citizen,No,Onsite OK,1,Quality Assurance Analyst,Business Analyst,Test Data Management|Performance Testing|Test Planning|Defect Triage|Mobile Test Automation,Banking,Certified Agile Tester|ISTQB Advanced Test Analyst,Associate,Information Systems,SQL|Python,AWS,Confluence|Jira|Excel,Jenkins|Azure DevOps,Selenium|TestRail,Drove defect triage and API test coverage for a Banking customer portal release train.,"Junior Quality Assurance Analyst with 1 years of experience across Banking. Drove defect triage and API test coverage for a Banking customer portal release train. Core stack: Test Data Management, Performance Testing, Test Planning, Defect Triage, SQL, Python, AWS, Jenkins, Azure DevOps, Selenium. Certifications: Certified Agile Tester, ISTQB Advanced Test Analyst. Comfortable in Agile delivery teams and client-facing environments.",3.7,4.5,4.7,3.1,4.1,2.3,2026-09-03,1099,$38-48/hr,3.3,Rolling Off Current Project,Recently certified; limited hands-on project depth so far - good for supervised roles.
C-111,Nicole,Iwata,Minneapolis,MN,US Citizen,No,Remote Preferred,6,Quality Assurance Analyst,Software Developer in Test,Accessibility Testing|API Automation|Test Planning|Test Data Management|Exploratory Testing|UI Automation|UAT Planning|Mobile Test Automation,Telecom|Retail,ISTQB Advanced Test Analyst,Bachelor's,Computer Science,Python|SQL,AWS,Confluence|Jira,Azure DevOps|Jenkins,Zephyr|qTest,Drove defect triage and API test coverage for a Telecom customer portal release train.,"Mid-level Quality Assurance Analyst with 6 years of experience across Telecom, Retail. Drove defect triage and API test coverage for a Telecom customer portal release train. Core stack: Accessibility Testing, API Automation, Test Planning, Test Data Management, Python, SQL, AWS, Azure DevOps, Jenkins, Zephyr. Certifications: ISTQB Advanced Test Analyst. Comfortable in Agile delivery teams and client-facing environments.",3.7,4.0,4.4,2.9,3.9,3.1,2026-09-24,W2 Hourly,$52-64/hr,3.6,Rolling Off Current Project,Consistently strong delivery feedback; low placement risk.
C-112,Kenji,Byrne,Raleigh,NC,US Citizen,No,Onsite OK,11,Quality Assurance Analyst,Business Analyst,Exploratory Testing|Defect Triage|Regression Testing|Test Data Management|Test Planning|API Automation|Data Analysis|Test Case Design|Mobile Test Automation|UAT Planning|Accessibility Testing,Public Sector|Banking,,,,Python|SQL,AWS,Jira|Excel,Jenkins|Azure DevOps,TestRail|Postman|Zephyr|Selenium,Drove defect triage and API test coverage for a Banking customer portal release train.,"Senior Quality Assurance Analyst with 11 years of experience across Public Sector, Banking. Drove defect triage and API test coverage for a Banking customer portal release train. Core stack: Exploratory Testing, Defect Triage, Regression Testing, Test Data Management, Python, SQL, AWS, Jenkins, Azure DevOps, TestRail. No formal certifications listed. Comfortable in Agile delivery teams and client-facing environments.",3.3,4.9,3.7,2.8,2.8,2.1,2026-09-13,W2 Hourly,$68-80/hr,3.6,Rolling Off Current Project,Excellent client presence and soft skills; pair with a technical anchor on complex builds.
C-113,Lukas,Mensah,Columbus,OH,US Permanent Resident (Green Card),No,Hybrid,1,DevOps Engineer,Cloud Engineer,Cost Optimization|Site Reliability Engineering|Monitoring|Infrastructure as Code|API Automation,Energy,Azure DevOps Engineer (AZ-400),Bachelor's,Information Systems,Python,GCP|Azure,Splunk,Prometheus|Jenkins|ArgoCD|GitLab CI|Datadog,,Migrated legacy build systems to GitHub Actions and containerized 25 services for a Energy platform team.,"Junior DevOps Engineer with 1 years of experience across Energy. Migrated legacy build systems to GitHub Actions and containerized 25 services for a Energy platform team. Core stack: Cost Optimization, Site Reliability Engineering, Monitoring, Infrastructure as Code, Python, GCP, Prometheus, Jenkins. Certifications: Azure DevOps Engineer (AZ-400). Comfortable in Agile delivery teams and client-facing environments.",3.9,3.0,3.6,4.6,4.1,4.4,2026-08-22,1099,$55-68/hr,4.1,Available - On Bench,Recently certified; limited hands-on project depth so far - good for supervised roles.
C-114,Yuki,Vance,Charlotte,NC,US Citizen,No,Hybrid,7,DevOps Engineer,Software Developer in Test,Site Reliability Engineering|Linux Administration|Test Automation Framework Design|Release Management|CI/CD|Infrastructure as Code|Monitoring|Cost Optimization|Containerization,Energy|Manufacturing,Azure Administrator (AZ-104),,,PowerShell|Bash,AWS,Splunk,GitLab CI|Datadog,,"Designed CI/CD pipelines and Terraform modules for a Energy client, standing up EKS clusters for 40+ microservices.","Mid-level DevOps Engineer with 7 years of experience across Energy, Manufacturing. Designed CI/CD pipelines and Terraform modules for a Energy client, standing up EKS clusters for 40+ microservices. Core stack: Site Reliability Engineering, Linux Administration, Test Automation Framework Design, Release Management, PowerShell, Bash, AWS, GitLab CI, Datadog. Certifications: Azure Administrator (AZ-104). Comfortable in Agile delivery teams and client-facing environments.",3.5,3.8,3.3,3.8,3.6,3.2,2026-11-01,W2 Hourly,$75-90/hr,,On Project,Consistently strong delivery feedback; low placement risk.
C-115,Andrei,Stanton,Houston,TX,US Citizen,Yes,Remote Preferred,2,DevOps Engineer,Software Developer in Test,Contract Testing|CI/CD|Site Reliability Engineering|Kubernetes|Monitoring,Banking,Azure DevOps Engineer (AZ-400)|Azure Administrator (AZ-104),,,Python,GCP,Splunk,Jenkins|Grafana,,Ran SRE and observability rollout (Prometheus/Grafana) for a Banking payments platform with 99.9% uptime targets.,"Junior DevOps Engineer with 2 years of experience across Banking. Ran SRE and observability rollout (Prometheus/Grafana) for a Banking payments platform with 99.9% uptime targets. Core stack: Contract Testing, CI/CD, Site Reliability Engineering, Kubernetes, Python, GCP, Jenkins, Grafana. Certifications: Azure DevOps Engineer (AZ-400), Azure Administrator (AZ-104). Comfortable in Agile delivery teams and client-facing environments.",4.3,4.7,4.3,4.0,4.5,4.2,2026-08-19,W2 Hourly,$55-68/hr,3.5,Available - On Bench,Excellent client presence and soft skills; pair with a technical anchor on complex builds.
C-116,Tariq,Sato,Charlotte,NC,US Citizen,No,Onsite OK,5,DevOps Engineer,Software Developer in Test,Site Reliability Engineering|Infrastructure as Code|Linux Administration|Performance Testing|Scripting|Monitoring|Kubernetes|Containerization|GitOps,Retail|Logistics,,Associate,Information Systems,Bash,AWS,Splunk,ArgoCD|Grafana|Prometheus|Jenkins|GitLab CI,,Ran SRE and observability rollout (Prometheus/Grafana) for a Logistics payments platform with 99.9% uptime targets.,"Mid-level DevOps Engineer with 5 years of experience across Retail, Logistics. Ran SRE and observability rollout (Prometheus/Grafana) for a Logistics payments platform with 99.9% uptime targets. Core stack: Site Reliability Engineering, Infrastructure as Code, Linux Administration, Performance Testing, Bash, AWS, ArgoCD, Grafana. No formal certifications listed. Comfortable in Agile delivery teams and client-facing environments.",3.9,4.8,4.9,4.4,3.4,2.1,2026-12-19,C2C,$75-90/hr,4.2,On Project,Excellent client presence and soft skills; pair with a technical anchor on complex builds.
C-117,Olivia,Quintero,Minneapolis,MN,US Citizen,No,Remote Only,6,DevOps Engineer,Software Developer in Test,Linux Administration|Kubernetes|Infrastructure as Code|Site Reliability Engineering|Scripting|Test Automation Framework Design|UI Automation|GitOps|Release Management,Healthcare|Logistics,Azure Administrator (AZ-104)|Azure DevOps Engineer (AZ-400),Master's,Economics,Python|Bash|Go,AWS,Splunk,Grafana|GitLab CI|ArgoCD,,Migrated legacy build systems to GitHub Actions and containerized 25 services for a Healthcare platform team.,"Mid-level DevOps Engineer with 6 years of experience across Healthcare, Logistics. Migrated legacy build systems to GitHub Actions and containerized 25 services for a Healthcare platform team. Core stack: Linux Administration, Kubernetes, Infrastructure as Code, Site Reliability Engineering, Python, Bash, AWS, Grafana, GitLab CI. Certifications: Azure Administrator (AZ-104), Azure DevOps Engineer (AZ-400). Comfortable in Agile delivery teams and client-facing environments.",4.2,2.5,4.5,4.9,4.7,4.3,2026-09-06,1099,$75-90/hr,4.9,Notice Period,Deep technical strength; coach on client-facing communication before interviews.
C-118,Marcus,Quintero,Raleigh,NC,US Permanent Resident (Green Card),No,Flexible,8,DevOps Engineer,Cloud Engineer,Kubernetes|BDD|Release Management|CI/CD|GitOps|Scripting,Healthcare|Energy,,Bachelor's,Organizational Leadership,Bash|Go,AWS,Splunk,Terraform|Datadog,,"Designed CI/CD pipelines and Terraform modules for a Energy client, standing up EKS clusters for 40+ microservices.","Mid-level DevOps Engineer with 8 years of experience across Healthcare, Energy. Designed CI/CD pipelines and Terraform modules for a Energy client, standing up EKS clusters for 40+ microservices. Core stack: Kubernetes, BDD, Release Management, CI/CD, Bash, Go, AWS, Terraform, Datadog. No formal certifications listed. Comfortable in Agile delivery teams and client-facing environments.",3.7,3.1,3.2,3.9,4.0,4.4,2026-08-19,C2C,$75-90/hr,4.3,Available - On Bench,Consistently strong delivery feedback; low placement risk.
C-119,Jasmine,Kovacs,Atlanta,GA,US Citizen,Yes,Flexible,1,DevOps Engineer,Software Developer in Test,Site Reliability Engineering|BDD|Infrastructure as Code|Linux Administration|Kubernetes,Retail,AWS SysOps Administrator,Master's,Economics,Go,AWS|GCP,Splunk,Datadog|Terraform|GitLab CI|Grafana|Prometheus,,"Designed CI/CD pipelines and Terraform modules for a Retail client, standing up EKS clusters for 40+ microservices.","Junior DevOps Engineer with 1 years of experience across Retail. Designed CI/CD pipelines and Terraform modules for a Retail client, standing up EKS clusters for 40+ microservices. Core stack: Site Reliability Engineering, BDD, Infrastructure as Code, Linux Administration, Go, AWS, Datadog, Terraform. Certifications: AWS SysOps Administrator. Comfortable in Agile delivery teams and client-facing environments.",3.8,3.0,4.2,3.3,4.3,4.0,2026-08-22,C2C,$55-68/hr,4.1,Available - On Bench,Recently certified; limited hands-on project depth so far - good for supervised roles.
C-120,Marcus,Thackeray,Seattle,WA,US Citizen,No,Hybrid,6,DevOps Engineer,Software Developer in Test,CI/CD|Linux Administration|BDD|Site Reliability Engineering|Monitoring|Containerization,Retail|Logistics,,Master's,Software Engineering,PowerShell,GCP|AWS,Splunk,Helm|Prometheus|Datadog,,Ran SRE and observability rollout (Prometheus/Grafana) for a Logistics payments platform with 99.9% uptime targets.,"Mid-level DevOps Engineer with 6 years of experience across Retail. Ran SRE and observability rollout (Prometheus/Grafana) for a Logistics payments platform with 99.9% uptime targets. Core stack: CI/CD, Linux Administration, BDD, Site Reliability Engineering, PowerShell, GCP, Helm, Prometheus. No formal certifications listed. Comfortable in Agile delivery teams and client-facing environments.",4.1,2.2,4.7,4.1,4.6,4.8,2026-09-20,W2 Hourly,$75-90/hr,3.8,Rolling Off Current Project,Deep technical strength; coach on client-facing communication before interviews.
C-121,Viktor,Lindgren,San Diego,CA,US Citizen,No,Remote Preferred,16,DevOps Engineer,Software Developer in Test,Containerization|Site Reliability Engineering|API Automation|Kubernetes|Monitoring|CI/CD|Contract Testing|Scripting|UI Automation|Linux Administration|Cost Optimization,Energy|Manufacturing,,Associate,Information Systems,Go|PowerShell,AWS|Azure,Splunk,Jenkins|GitLab CI,,Migrated legacy build systems to GitHub Actions and containerized 25 services for a Energy platform team.,"Senior DevOps Engineer with 16 years of experience across Energy, Manufacturing. Migrated legacy build systems to GitHub Actions and containerized 25 services for a Energy platform team. Core stack: Containerization, Site Reliability Engineering, API Automation, Kubernetes, Go, PowerShell, AWS, Jenkins, GitLab CI. No formal certifications listed. Comfortable in Agile delivery teams and client-facing environments.",3.5,2.8,4.4,3.5,3.4,3.5,2026-09-18,W2 Salaried (FTE conversion open),$95-118/hr,4.5,Rolling Off Current Project,Reliable delivery record on recent engagements.
C-122,Mateo,Herrera,New York,NY,US Citizen,No,Remote Only,2,DevOps Engineer,Cloud Engineer,Kubernetes|Scripting|UI Automation|Site Reliability Engineering|Disaster Recovery,Retail,Azure Administrator (AZ-104)|CKA,Bachelor's,Business Administration,Bash|Python,AWS,Splunk,Datadog|GitLab CI,,"Designed CI/CD pipelines and Terraform modules for a Retail client, standing up EKS clusters for 40+ microservices.",DEVOPS ENGINEER - 2+ yrs. kubernetes / scripting / ui automation / bash / datadog. refs avail on request. see attached doc (missing).,,,,,,,2026-08-12,W2 Hourly,$55-68/hr,,Available - On Bench,Profile incomplete - awaiting updated resume and assessment results from consultant.
C-123,Nicole,Villanueva,Columbus,OH,US Citizen,No,Onsite OK,9,DevOps Engineer,Cloud Engineer,Monitoring|Infrastructure as Code|Test Automation Framework Design|Kubernetes|Mobile Test Automation|Scripting|API Automation|Release Management|CI/CD,Retail|Logistics|Healthcare,Azure Administrator (AZ-104)|AWS SysOps Administrator,Bachelor's,Computer Science,Python,AWS,Splunk,Datadog|ArgoCD|GitLab CI,,"Designed CI/CD pipelines and Terraform modules for a Retail client, standing up EKS clusters for 40+ microservices.","Senior DevOps Engineer with 9 years of experience across Retail, Logistics, Healthcare. Designed CI/CD pipelines and Terraform modules for a Retail client, standing up EKS clusters for 40+ microservices. Core stack: Monitoring, Infrastructure as Code, Test Automation Framework Design, Kubernetes, Python, AWS, Datadog, ArgoCD. Certifications: Azure Administrator (AZ-104), AWS SysOps Administrator. Comfortable in Agile delivery teams and client-facing environments.",3.4,4.2,3.1,4.7,2.8,2.2,2026-08-21,C2C,$95-118/hr,4.0,Available - On Bench,Consistently strong delivery feedback; low placement risk.
C-124,Wei,Alvarado,Nashville,TN,US Permanent Resident (Green Card),Yes,Remote Preferred,6,DevOps Engineer,Software Developer in Test,Scripting|Performance Testing|Mobile Test Automation|Containerization|Infrastructure as Code|Contract Testing,Energy|Manufacturing,,Master's,Computer Engineering,Python|Bash,GCP,Splunk,Jenkins|Helm,,Migrated legacy build systems to GitHub Actions and containerized 25 services for a Manufacturing platform team.,"Mid-level DevOps Engineer with 6 years of experience across Manufacturing. Migrated legacy build systems to GitHub Actions and containerized 25 services for a Manufacturing platform team. Core stack: Scripting, Performance Testing, Mobile Test Automation, Containerization, Python, Bash, GCP, Jenkins, Helm. No formal certifications listed. Comfortable in Agile delivery teams and client-facing environments.",4.0,3.0,2.8,4.9,4.8,4.4,2026-09-03,W2 Salaried (FTE conversion open),$75-90/hr,4.9,Rolling Off Current Project,Reliable delivery record on recent engagements.
C-125,Maria,Duval,Seattle,WA,H-1B - Employer Sponsorship/Transfer Required,No,Hybrid,2,DevOps Engineer,Cloud Engineer,Cost Optimization|GitOps|Disaster Recovery|Kubernetes|API Automation,Public Sector,AWS SysOps Administrator,Bachelor's,Statistics,Python|Bash|Go,AWS,Splunk,GitLab CI|Grafana|Terraform|Helm|Jenkins,,"Designed CI/CD pipelines and Terraform modules for a Public Sector client, standing up EKS clusters for 40+ microservices.","Junior DevOps Engineer with 2 years of experience across Public Sector. Designed CI/CD pipelines and Terraform modules for a Public Sector client, standing up EKS clusters for 40+ microservices. Core stack: Cost Optimization, GitOps, Disaster Recovery, Kubernetes, Python, Bash, AWS, GitLab CI, Grafana. Certifications: AWS SysOps Administrator. Comfortable in Agile delivery teams and client-facing environments.",3.1,3.1,2.6,2.7,3.5,3.8,2026-09-09,W2 Hourly,$55-68/hr,3.7,Rolling Off Current Project,Reliable delivery record on recent engagements.
C-126,Paige,Quintero,Chicago,IL,US Citizen,No,Remote Preferred,15,DevOps Engineer,Software Developer in Test,Monitoring|API Automation|Release Management|Linux Administration|CI/CD|Containerization|Site Reliability Engineering|Scripting|Kubernetes,Energy|Manufacturing|Healthcare,Azure Administrator (AZ-104),Master's,Information Systems,Bash|Python,GCP,Splunk,GitLab CI|Terraform|Prometheus,,Ran SRE and observability rollout (Prometheus/Grafana) for a Manufacturing payments platform with 99.9% uptime targets.,"Senior DevOps Engineer with 15 years of experience across Manufacturing, Healthcare. Ran SRE and observability rollout (Prometheus/Grafana) for a Manufacturing payments platform with 99.9% uptime targets. Core stack: Monitoring, API Automation, Release Management, Linux Administration, Bash, Python, GCP, GitLab CI, Terraform. Certifications: Azure Administrator (AZ-104). Comfortable in Agile delivery teams and client-facing environments.",4.2,4.8,4.7,4.6,3.1,3.8,2026-09-11,W2 Hourly,$95-118/hr,,Rolling Off Current Project,Reliable delivery record on recent engagements.
C-127,Mateo,Adeyemi,Nashville,TN,US Citizen,No,Remote Preferred,2,DevOps Engineer,Software Developer in Test,Infrastructure as Code|Scripting|Linux Administration|Contract Testing|CI/CD,FinTech,Azure Administrator (AZ-104),Bachelor's,Computer Science,Go,GCP,Splunk,Helm|Datadog,,Ran SRE and observability rollout (Prometheus/Grafana) for a FinTech payments platform with 99.9% uptime targets.,"Junior DevOps Engineer with 2 years of experience across FinTech. Ran SRE and observability rollout (Prometheus/Grafana) for a FinTech payments platform with 99.9% uptime targets. Core stack: Infrastructure as Code, Scripting, Linux Administration, Contract Testing, Go, GCP, Helm, Datadog. Certifications: Azure Administrator (AZ-104). Comfortable in Agile delivery teams and client-facing environments.",3.4,4.1,3.8,3.5,2.9,2.8,2026-09-15,W2 or C2C,$55-68/hr,4.6,Rolling Off Current Project,Recently certified; limited hands-on project depth so far - good for supervised roles.
C-128,Shannon,Alves,Tampa,FL,EAD - No Sponsorship Required,Yes,Onsite OK,15,DevOps Engineer,Software Developer in Test,Kubernetes|GitOps|CI/CD|Containerization|Infrastructure as Code|Monitoring|Linux Administration|Release Management|Performance Testing|Scripting,Logistics|Retail,Azure DevOps Engineer (AZ-400),Bachelor's,Organizational Leadership,Go,AWS|GCP,Splunk,GitLab CI|ArgoCD|Terraform,,Migrated legacy build systems to GitHub Actions and containerized 25 services for a Logistics platform team.,"resume v3 FINAL - Shannon - kubernetes / gitops / ci/cd / go / gitlab ci - worked logistics clients, dates tbc",3.7,4.1,4.2,2.7,5.0,2.3,2026-08-26,1099,$95-118/hr,,Available - On Bench,Profile incomplete - awaiting updated resume and assessment results from consultant.
C-129,Whitney,Duval,Dallas,TX,US Citizen,No,Remote Only,11,Full Stack Developer,DevOps Engineer,GraphQL|Node.js|GitOps|React|Responsive UI|REST API Development|Spring Boot|.NET Core|CI Integration|Microservices|Database Design,Logistics|Retail|Banking,Azure Developer (AZ-204),Master's,Economics,JavaScript|C#,Azure|AWS,Redis|MongoDB|PostgreSQL,Git|Docker,Cypress|Jest,Built REST and GraphQL services plus responsive UI for a Logistics order management rewrite.,"Senior Full Stack Developer with 11 years of experience across Logistics, Retail, Banking. Built REST and GraphQL services plus responsive UI for a Logistics order management rewrite. Core stack: GraphQL, Node.js, GitOps, React, JavaScript, C#, Azure, Git, Docker, Cypress. Certifications: Azure Developer (AZ-204). Comfortable in Agile delivery teams and client-facing environments.",3.6,2.1,5.0,3.8,4.8,2.1,2026-09-16,1099,$90-110/hr,4.2,Rolling Off Current Project,Deep technical strength; coach on client-facing communication before interviews.
C-130,Deepak,Mensah,San Diego,CA,US Citizen,No,Remote Only,9,Full Stack Developer,DevOps Engineer,.NET Core|Responsive UI|React|Code Review|Node.js|Spring Boot|REST API Development|Unit Testing|Microservices|GitOps,Energy|Manufacturing|Healthcare,,Bachelor's,Computer Engineering,TypeScript,AWS,MongoDB|PostgreSQL,Docker|Git|Jenkins|GitHub Actions,Jest|Cypress,Modernized a Healthcare monolith into microservices with automated unit and integration testing.,"Senior Full Stack Developer with 9 years of experience across Energy, Manufacturing, Healthcare. Modernized a Healthcare monolith into microservices with automated unit and integration testing. Core stack: .NET Core, Responsive UI, React, Code Review, TypeScript, AWS, Docker, Git, Jest. No formal certifications listed. Comfortable in Agile delivery teams and client-facing environments.",3.2,2.1,4.9,2.9,3.6,2.6,2026-08-21,W2 or C2C,$90-110/hr,4.0,Available - On Bench,Deep technical strength; coach on client-facing communication before interviews.
C-131,Olivia,Vance,St. Louis,MO,US Citizen,No,Flexible,9,Full Stack Developer,Software Developer in Test,REST API Development|.NET Core|GraphQL|Responsive UI|Spring Boot|Contract Testing|CI/CD|React|Test Automation Framework Design,FinTech|Healthcare,,Bachelor's,Computer Science,SQL|TypeScript,Azure,PostgreSQL|Redis,GitHub Actions|Docker|Jenkins|Git,Jest|Cypress,Modernized a FinTech monolith into microservices with automated unit and integration testing.,"Senior Full Stack Developer with 9 years of experience across FinTech, Healthcare. Modernized a FinTech monolith into microservices with automated unit and integration testing. Core stack: REST API Development, .NET Core, GraphQL, Responsive UI, SQL, TypeScript, Azure, GitHub Actions, Docker, Jest. No formal certifications listed. Comfortable in Agile delivery teams and client-facing environments.",3.4,4.2,2.7,3.8,3.3,2.8,2026-09-15,1099,$90-110/hr,,Rolling Off Current Project,Consistently strong delivery feedback; low placement risk.
C-132,Omar,Middleton,Minneapolis,MN,US Citizen,Yes,Hybrid,5,Full Stack Developer,DevOps Engineer,GraphQL|Node.js|.NET Core|Spring Boot|Site Reliability Engineering|Unit Testing|React|Release Management,Banking|Logistics,AWS Developer Associate|Oracle Certified Professional Java SE,Master's,Computer Science,TypeScript|JavaScript,Azure,MongoDB|Redis,Git|GitHub Actions|Docker,Jest|Cypress,Delivered React/Node.js customer-facing features for a Banking portal handling 2M monthly sessions.,"Mid-level Full Stack Developer with 5 years of experience across Logistics. Delivered React/Node.js customer-facing features for a Banking portal handling 2M monthly sessions. Core stack: GraphQL, Node.js, .NET Core, Spring Boot, TypeScript, JavaScript, Azure, Git, GitHub Actions, Jest. Certifications: AWS Developer Associate, Oracle Certified Professional Java SE. Comfortable in Agile delivery teams and client-facing environments.",3.9,4.8,2.7,3.0,4.7,4.3,2026-08-21,W2 Hourly,$70-85/hr,4.3,Available - On Bench,Excellent client presence and soft skills; pair with a technical anchor on complex builds.
C-133,Olivia,Winslow,Boston,MA,H-1B - Employer Sponsorship/Transfer Required,No,Remote Preferred,8,Full Stack Developer,DevOps Engineer,Node.js|.NET Core|Code Review|GraphQL|Unit Testing|UI Automation|Site Reliability Engineering|Microservices|React,FinTech|Banking,,Master's,Information Systems,C#|SQL,AWS,Redis|PostgreSQL|MongoDB,GitHub Actions|Jenkins,Cypress|Jest,Built REST and GraphQL services plus responsive UI for a Banking order management rewrite.,"Mid-level Full Stack Developer with 8 years of experience across Banking. Built REST and GraphQL services plus responsive UI for a Banking order management rewrite. Core stack: Node.js, .NET Core, Code Review, GraphQL, C#, SQL, AWS, GitHub Actions, Jenkins, Cypress. No formal certifications listed. Comfortable in Agile delivery teams and client-facing environments.",3.6,3.6,4.3,3.9,3.2,2.9,2026-09-17,W2 Salaried (FTE conversion open),$70-85/hr,3.6,Rolling Off Current Project,Reliable delivery record on recent engagements.
C-134,Wei,Takahashi,Portland,OR,US Citizen,No,Hybrid,1,Full Stack Developer,DevOps Engineer,.NET Core|Microservices|Responsive UI|GraphQL|GitOps|Spring Boot,Energy,Azure Developer (AZ-204)|Oracle Certified Professional Java SE,Associate,Computer Science,JavaScript,Azure|AWS,MongoDB|Redis,GitHub Actions|Git|Jenkins|Docker,Jest|Cypress,Delivered React/Node.js customer-facing features for a Energy portal handling 2M monthly sessions.,"Junior Full Stack Developer with 1 years of experience across Energy. Delivered React/Node.js customer-facing features for a Energy portal handling 2M monthly sessions. Core stack: .NET Core, Microservices, Responsive UI, GraphQL, JavaScript, Azure, GitHub Actions, Git, Jest. Certifications: Azure Developer (AZ-204), Oracle Certified Professional Java SE. Comfortable in Agile delivery teams and client-facing environments.",3.6,2.8,2.6,4.2,4.4,4.1,2026-09-04,C2C,$50-62/hr,,Rolling Off Current Project,Recently certified; limited hands-on project depth so far - good for supervised roles.
C-135,Kenji,Holloway,Dallas,TX,US Citizen,No,Flexible,3,Full Stack Developer,Software Developer in Test,Spring Boot|.NET Core|GitOps|Microservices|Release Management|Site Reliability Engineering,Banking,Oracle Certified Professional Java SE|AWS Developer Associate,Master's,Information Systems,Python,AWS|Azure,PostgreSQL|Redis,Git|Docker,Jest|Cypress,Built REST and GraphQL services plus responsive UI for a Banking order management rewrite.,spring boot / .net core / gitops / ci integration / react / python / git ; 3 yrs exp ; open to hybrid ; rate negotiable,3.9,3.4,3.9,3.2,4.4,4.7,2026-09-28,W2 or C2C,$50-62/hr,,Rolling Off Current Project,Profile incomplete - awaiting updated resume and assessment results from consultant.
C-136,Andrei,Byrne,Boston,MA,H-1B - Employer Sponsorship/Transfer Required,Yes,Onsite OK,9,Full Stack Developer,DevOps Engineer,Node.js|GitOps|React|Unit Testing|REST API Development|Microservices|GraphQL|Database Design|UI Automation,FinTech|Public Sector|Energy,Oracle Certified Professional Java SE,Master's,Economics,Java|C#,Azure,MongoDB|PostgreSQL|Redis,GitHub Actions|Git|Jenkins|Docker,Jest|Cypress,Modernized a FinTech monolith into microservices with automated unit and integration testing.,"Senior Full Stack Developer with 9 years of experience across Public Sector, Energy. Modernized a FinTech monolith into microservices with automated unit and integration testing. Core stack: Node.js, GitOps, React, Unit Testing, Java, C#, Azure, GitHub Actions, Git, Jest. Certifications: Oracle Certified Professional Java SE. Comfortable in Agile delivery teams and client-facing environments.",3.5,4.8,2.6,3.3,2.7,4.1,2026-08-15,W2 Hourly,$90-110/hr,4.7,Available - On Bench,Excellent client presence and soft skills; pair with a technical anchor on complex builds.
C-137,Lukas,Herrera,Columbus,OH,US Citizen,No,Remote Preferred,3,Full Stack Developer,Software Developer in Test,Node.js|Site Reliability Engineering|GraphQL|.NET Core|UI Automation,Banking,AWS Developer Associate|Oracle Certified Professional Java SE,Bachelor's,Information Systems,C#|TypeScript,Azure,MongoDB|Redis,Jenkins|Docker|GitHub Actions,Cypress|Jest,Built REST and GraphQL services plus responsive UI for a Banking order management rewrite.,"Junior Full Stack Developer with 3 years of experience across Banking. Built REST and GraphQL services plus responsive UI for a Banking order management rewrite. Core stack: Node.js, Site Reliability Engineering, GraphQL, .NET Core, C#, TypeScript, Azure, Jenkins, Docker, Cypress. Certifications: AWS Developer Associate, Oracle Certified Professional Java SE. Comfortable in Agile delivery teams and client-facing environments.",3.8,4.4,3.1,4.8,3.9,2.7,2026-08-18,1099,$50-62/hr,4.0,Available - On Bench,Consistently strong delivery feedback; low placement risk.
C-138,Pedro,Villanueva,Phoenix,AZ,US Permanent Resident (Green Card),No,Hybrid,5,Full Stack Developer,Software Developer in Test,.NET Core|Microservices|React|Responsive UI|Site Reliability Engineering|Spring Boot|Code Review|CI/CD,Energy|Manufacturing,Azure Developer (AZ-204)|AWS Developer Associate,Bachelor's,Computer Science,TypeScript|C#,Azure,MongoDB|Redis,GitHub Actions|Jenkins,Jest|Cypress,Modernized a Energy monolith into microservices with automated unit and integration testing.,"Mid-level Full Stack Developer with 5 years of experience across Energy, Manufacturing. Modernized a Energy monolith into microservices with automated unit and integration testing. Core stack: .NET Core, Microservices, React, Responsive UI, TypeScript, C#, Azure, GitHub Actions, Jenkins, Jest. Certifications: Azure Developer (AZ-204), AWS Developer Associate. Comfortable in Agile delivery teams and client-facing environments.",4.0,3.7,5.0,4.8,3.5,3.0,2026-08-24,W2 Salaried (FTE conversion open),$70-85/hr,3.8,Available - On Bench,Reliable delivery record on recent engagements.
C-139,Paige,Barros,St. Louis,MO,TN Visa - No Sponsorship Required,No,Remote Only,5,Full Stack Developer,Software Developer in Test,React|GraphQL|Test Automation Framework Design|Contract Testing|REST API Development|Node.js|Spring Boot|Microservices|Unit Testing,Banking|Healthcare,Oracle Certified Professional Java SE,Master's,Economics,Python,Azure,MongoDB|PostgreSQL|Redis,Docker|GitHub Actions,Jest|Cypress,Modernized a Healthcare monolith into microservices with automated unit and integration testing.,FULL STACK DEVELOPER - 5+ yrs. react / graphql / test automation framework design / ci integration / python / docker. refs avail on request. see attached doc (missing).,3.4,3.4,4.5,3.8,2.7,2.4,2026-08-31,W2 Hourly,$70-85/hr,,Available - On Bench,Profile incomplete - awaiting updated resume and assessment results from consultant.
C-140,Andrei,Alvarado,San Diego,CA,US Citizen,Yes,Remote Preferred,2,Full Stack Developer,DevOps Engineer,GraphQL|Responsive UI|Spring Boot|REST API Development|Test Automation Framework Design,Energy,AWS Developer Associate|Oracle Certified Professional Java SE,Bachelor's,Economics,TypeScript|Java,Azure,Redis|MongoDB,GitHub Actions|Jenkins|Git,Cypress|Jest,Delivered React/Node.js customer-facing features for a Energy portal handling 2M monthly sessions.,"Junior Full Stack Developer with 2 years of experience across Energy. Delivered React/Node.js customer-facing features for a Energy portal handling 2M monthly sessions. Core stack: GraphQL, Responsive UI, Spring Boot, REST API Development, TypeScript, Java, Azure, GitHub Actions, Jenkins, Cypress. Certifications: AWS Developer Associate, Oracle Certified Professional Java SE. Comfortable in Agile delivery teams and client-facing environments.",3.7,4.0,3.2,4.3,3.1,3.9,2026-09-22,1099,$50-62/hr,3.5,Rolling Off Current Project,Consistently strong delivery feedback; low placement risk.
C-141,Mateo,Boulos,Atlanta,GA,TN Visa - No Sponsorship Required,No,Onsite OK,8,Full Stack Developer,Software Developer in Test,Spring Boot|Responsive UI|Database Design|GraphQL|Unit Testing|.NET Core|Release Management|Node.js|React,Energy|Manufacturing,Azure Developer (AZ-204)|Oracle Certified Professional Java SE,,,JavaScript|C#|TypeScript,AWS,MongoDB|PostgreSQL,Docker|Jenkins|Git,Jest|Cypress,Built REST and GraphQL services plus responsive UI for a Manufacturing order management rewrite.,"Mid-level Full Stack Developer with 8 years of experience across Energy, Manufacturing. Built REST and GraphQL services plus responsive UI for a Manufacturing order management rewrite. Core stack: Spring Boot, Responsive UI, Database Design, GraphQL, JavaScript, C#, AWS, Docker, Jenkins, Jest. Certifications: Oracle Certified Professional Java SE. Comfortable in Agile delivery teams and client-facing environments.",3.8,4.1,2.9,4.9,2.7,4.2,2026-08-31,W2 or C2C,$70-85/hr,3.8,Available - On Bench,Consistently strong delivery feedback; low placement risk.
C-142,Hannah,Okafor,Columbus,OH,US Citizen,Yes,Hybrid,1,Full Stack Developer,DevOps Engineer,GraphQL|Spring Boot|React|.NET Core|Node.js,Banking,Azure Developer (AZ-204)|Oracle Certified Professional Java SE,Master's,Information Systems,Python|TypeScript|C#,AWS,Redis|MongoDB,Git|GitHub Actions,Jest|Cypress,Built REST and GraphQL services plus responsive UI for a Banking order management rewrite.,"Junior Full Stack Developer with 1 years of experience across Banking. Built REST and GraphQL services plus responsive UI for a Banking order management rewrite. Core stack: GraphQL, Spring Boot, React, .NET Core, Python, TypeScript, AWS, Git, GitHub Actions, Jest. Certifications: Azure Developer (AZ-204), Oracle Certified Professional Java SE. Comfortable in Agile delivery teams and client-facing environments.",3.4,3.7,2.6,2.7,3.7,4.3,2026-09-09,W2 Salaried (FTE conversion open),$50-62/hr,4.5,Rolling Off Current Project,Consistently strong delivery feedback; low placement risk.
C-143,Samuel,Osei,Raleigh,NC,US Citizen,No,Remote Preferred,1,Full Stack Developer,Software Developer in Test,Site Reliability Engineering|Code Review|React|GraphQL|Spring Boot|UI Automation,Energy,AWS Developer Associate,Bachelor's,Information Systems,C#|TypeScript,Azure,MongoDB|Redis|PostgreSQL,Docker|Git|Jenkins|GitHub Actions,Cypress|Jest,Modernized a Energy monolith into microservices with automated unit and integration testing.,"Junior Full Stack Developer with 1 years of experience across Energy. Modernized a Energy monolith into microservices with automated unit and integration testing. Core stack: Site Reliability Engineering, Code Review, React, GraphQL, C#, TypeScript, Azure, Docker, Git, Cypress. Certifications: AWS Developer Associate. Comfortable in Agile delivery teams and client-facing environments.",3.8,4.6,5.0,3.0,2.7,3.6,2026-12-18,W2 Hourly,$50-62/hr,4.5,On Project,Consistently strong delivery feedback; low placement risk.
C-144,Elena,Duval,Phoenix,AZ,EAD - No Sponsorship Required,No,Hybrid,8,Full Stack Developer,DevOps Engineer,REST API Development|Responsive UI|Node.js|Spring Boot|GraphQL|Unit Testing|Database Design|React,Logistics|Retail,AWS Developer Associate|Oracle Certified Professional Java SE,Bachelor's,Software Engineering,Python|TypeScript,Azure,PostgreSQL|Redis,GitHub Actions|Git,Cypress|Jest,Delivered React/Node.js customer-facing features for a Retail portal handling 2M monthly sessions.,"Mid-level Full Stack Developer with 8 years of experience across Logistics, Retail. Delivered React/Node.js customer-facing features for a Retail portal handling 2M monthly sessions. Core stack: REST API Development, Responsive UI, Node.js, Spring Boot, Python, TypeScript, Azure, GitHub Actions, Git, Cypress. Certifications: AWS Developer Associate, Oracle Certified Professional Java SE. Comfortable in Agile delivery teams and client-facing environments.",4.0,3.2,2.8,4.8,5.0,4.1,2026-09-06,W2 Hourly,$70-85/hr,3.5,Notice Period,Consistently strong delivery feedback; low placement risk.
C-145,Shannon,Byrne,Charlotte,NC,US Citizen,No,Flexible,1,Data Engineer,Cloud Engineer,ETL Development|Data Warehousing|Data Quality|MLOps|Stream Processing|Infrastructure as Code,Healthcare,GCP Professional Data Engineer,Associate,Information Systems,SQL,AWS,Spark|AWS Glue|BigQuery,Docker|GitHub Actions,,Delivered streaming ingestion with Kafka for a Healthcare operational analytics initiative.,"Junior Data Engineer with 1 years of experience across Healthcare. Delivered streaming ingestion with Kafka for a Healthcare operational analytics initiative. Core stack: ETL Development, Data Warehousing, Data Quality, MLOps, SQL, AWS, Docker, GitHub Actions. Certifications: GCP Professional Data Engineer. Comfortable in Agile delivery teams and client-facing environments.",4.2,2.1,4.9,4.9,4.7,4.3,2026-09-23,W2 Hourly,$55-68/hr,,Rolling Off Current Project,Deep technical strength; coach on client-facing communication before interviews.
C-146,Hannah,Takahashi,Boston,MA,US Citizen,Yes,Remote Preferred,6,Data Engineer,AI Engineer,Data Modeling|Data Warehousing|Data Quality|Responsible AI|Stream Processing|MLOps|ETL Development|Pipeline Orchestration|Cloud Networking,Telecom|Logistics,SnowPro Core,,,SQL,GCP,Redshift|Snowflake,GitHub Actions|Docker,,Delivered streaming ingestion with Kafka for a Telecom operational analytics initiative.,"Mid-level Data Engineer with 6 years of experience across Telecom, Logistics. Delivered streaming ingestion with Kafka for a Telecom operational analytics initiative. Core stack: Data Modeling, Data Warehousing, Data Quality, Responsible AI, SQL, GCP, GitHub Actions, Docker. Certifications: SnowPro Core. Comfortable in Agile delivery teams and client-facing environments.",3.5,2.1,2.9,4.4,3.4,4.8,2026-08-29,C2C,$75-92/hr,,Available - On Bench,Deep technical strength; coach on client-facing communication before interviews.
C-147,Paige,Okafor,Boston,MA,US Citizen,No,Remote Preferred,15,Data Engineer,AI Engineer,Data Warehousing|ETL Development|Prompt Engineering|MLOps|Performance Tuning|Cost Optimization|Feature Engineering|Model Deployment|Data Quality,Healthcare|Banking,Databricks Certified Data Engineer Associate|AWS Data Engineer Associate,Master's,Computer Science,Python|Scala,GCP,Redshift|Databricks,Docker|GitHub Actions,,Delivered streaming ingestion with Kafka for a Healthcare operational analytics initiative.,"Senior Data Engineer with 15 years of experience across Healthcare, Banking. Delivered streaming ingestion with Kafka for a Healthcare operational analytics initiative. Core stack: Data Warehousing, ETL Development, Prompt Engineering, MLOps, Python, Scala, GCP, Docker, GitHub Actions. Certifications: Databricks Certified Data Engineer Associate, AWS Data Engineer Associate. Comfortable in Agile delivery teams and client-facing environments.",4.3,3.5,3.8,4.8,4.9,4.6,2026-09-23,C2C,$95-118/hr,4.3,Rolling Off Current Project,Reliable delivery record on recent engagements.
C-148,Emily,Thackeray,San Diego,CA,US Citizen,Yes,Onsite OK,8,Data Engineer,Cloud Engineer,CI/CD|Data Warehousing|Performance Tuning|Infrastructure as Code|Stream Processing|ETL Development|Data Quality,Healthcare|Public Sector,AWS Data Engineer Associate,Bachelor's,Software Engineering,SQL,GCP,Redshift|Databricks,GitHub Actions|Docker,,Built Spark and Airflow pipelines feeding a Snowflake warehouse for a Healthcare analytics program.,"Mid-level Data Engineer with 8 years of experience across Healthcare, Public Sector. Built Spark and Airflow pipelines feeding a Snowflake warehouse for a Healthcare analytics program. Core stack: CI/CD, Data Warehousing, Performance Tuning, Infrastructure as Code, SQL, GCP, GitHub Actions, Docker. Certifications: AWS Data Engineer Associate. Comfortable in Agile delivery teams and client-facing environments.",4.4,3.7,3.7,4.8,5.0,4.8,2026-10-01,W2 Hourly,$75-92/hr,4.1,Rolling Off Current Project,Reliable delivery record on recent engagements.
C-149,Lukas,Osei,Portland,OR,H-1B - Employer Sponsorship/Transfer Required,No,Onsite OK,7,Data Engineer,AI Engineer,Disaster Recovery|Data Warehousing|Data Quality|Model Deployment|MLOps|Data Governance|Cloud Networking,Energy|Manufacturing,Azure Data Engineer (DP-203),Bachelor's,Software Engineering,SQL|Python,AWS,BigQuery|Spark|Synapse,Docker|GitHub Actions,,Built Spark and Airflow pipelines feeding a Snowflake warehouse for a Manufacturing analytics program.,"Mid-level Data Engineer with 7 years of experience across Energy, Manufacturing. Built Spark and Airflow pipelines feeding a Snowflake warehouse for a Manufacturing analytics program. Core stack: Disaster Recovery, Data Warehousing, Data Quality, Model Deployment, SQL, Python, AWS, Docker, GitHub Actions. Certifications: Azure Data Engineer (DP-203). Comfortable in Agile delivery teams and client-facing environments.",4.1,4.3,4.5,3.9,3.6,4.1,2026-08-15,W2 or C2C,$75-92/hr,4.2,Available - On Bench,Reliable delivery record on recent engagements.
C-150,Sanjay,Rosales,New York,NY,US Citizen,Yes,Flexible,2,Data Engineer,Cloud Engineer,Stream Processing|Data Modeling|CI/CD|Data Governance|Data Warehousing,Healthcare,GCP Professional Data Engineer,Associate,Information Systems,Scala|SQL,GCP,Databricks|Snowflake|Kafka,Docker|GitHub Actions,,Built Spark and Airflow pipelines feeding a Snowflake warehouse for a Healthcare analytics program.,"resume v3 FINAL - Sanjay - stream processing / data modeling / ci/cd / scala / docker - worked healthcare clients, dates tbc",,,,,,,2026-09-06,1099,$55-68/hr,,Rolling Off Current Project,Profile incomplete - awaiting updated resume and assessment results from consultant.
C-151,Roberto,Okonkwo,Nashville,TN,US Citizen,Yes,Remote Only,2,Data Engineer,AI Engineer,Data Quality|Data Governance|MLOps|Pipeline Orchestration|Stream Processing|Infrastructure as Code,Healthcare,Databricks Certified Data Engineer Associate|GCP Professional Data Engineer,Bachelor's,Computer Science,Scala|SQL,AWS,BigQuery|Snowflake|Airflow,Docker|GitHub Actions,,Implemented dbt models and data quality checks across a Healthcare client's 60-table reporting layer.,data quality / data governance / mlops / feature engineering / scala / docker ; 2 yrs exp ; open to remote ; rate negotiable,4.0,4.6,4.7,4.2,4.3,2.4,2026-10-01,1099,$55-68/hr,,Rolling Off Current Project,Profile incomplete - awaiting updated resume and assessment results from consultant.
C-152,Yuki,Sato,San Diego,CA,US Citizen,No,Hybrid,7,Data Engineer,AI Engineer,Performance Tuning|Stream Processing|ETL Development|Data Warehousing|Data Governance|Data Modeling|Cost Optimization|Pipeline Orchestration|Cloud Networking,Manufacturing|Energy,GCP Professional Data Engineer|Databricks Certified Data Engineer Associate,Bachelor's,Software Engineering,SQL,GCP,Databricks|Redshift|Airflow|Spark,Docker|GitHub Actions,,Built Spark and Airflow pipelines feeding a Snowflake warehouse for a Energy analytics program.,"Mid-level Data Engineer with 7 years of experience across Manufacturing, Energy. Built Spark and Airflow pipelines feeding a Snowflake warehouse for a Energy analytics program. Core stack: Performance Tuning, Stream Processing, ETL Development, Data Warehousing, SQL, GCP, Docker, GitHub Actions. Certifications: GCP Professional Data Engineer, Databricks Certified Data Engineer Associate. Comfortable in Agile delivery teams and client-facing environments.",4.1,4.6,3.8,3.2,5.0,4.1,2026-08-21,1099,$75-92/hr,3.5,Available - On Bench,Consistently strong delivery feedback; low placement risk.
C-153,Melissa,Lindgren,Charlotte,NC,TN Visa - No Sponsorship Required,No,Hybrid,1,Data Engineer,AI Engineer,ETL Development|Data Governance|Data Modeling|Data Quality|Stream Processing,Energy,Azure Data Engineer (DP-203),Master's,Business Administration,Scala|SQL,GCP,BigQuery|Airflow,GitHub Actions|Docker,,Implemented dbt models and data quality checks across a Energy client's 60-table reporting layer.,"Junior Data Engineer with 1 years of experience across Energy. Implemented dbt models and data quality checks across a Energy client's 60-table reporting layer. Core stack: ETL Development, Data Governance, Data Modeling, Data Quality, Scala, SQL, GCP, GitHub Actions, Docker. Certifications: Azure Data Engineer (DP-203). Comfortable in Agile delivery teams and client-facing environments.",4.0,4.9,4.1,4.3,4.6,2.0,2026-09-13,W2 Hourly,$55-68/hr,3.7,Rolling Off Current Project,Excellent client presence and soft skills; pair with a technical anchor on complex builds.
C-154,Viktor,Ferro,Portland,OR,US Citizen,No,Hybrid,10,Data Engineer,AI Engineer,Data Warehousing|Infrastructure as Code|ETL Development|Data Governance|Data Modeling|Cloud Networking|Pipeline Orchestration|Data Quality|Stream Processing|Performance Tuning|CI/CD,Healthcare|Energy|Banking,,Master's,Computer Science,SQL|Python|Scala,GCP|AWS,Redshift|Synapse|Spark,Docker|GitHub Actions,,Built Spark and Airflow pipelines feeding a Snowflake warehouse for a Healthcare analytics program.,"Senior Data Engineer with 10 years of experience across Healthcare, Energy, Banking. Built Spark and Airflow pipelines feeding a Snowflake warehouse for a Healthcare analytics program. Core stack: Data Warehousing, Infrastructure as Code, ETL Development, Data Governance, SQL, Python, GCP, Docker, GitHub Actions. No formal certifications listed. Comfortable in Agile delivery teams and client-facing environments.",3.6,4.6,3.6,3.1,3.5,3.4,2026-09-17,1099,$95-118/hr,3.7,Rolling Off Current Project,Consistently strong delivery feedback; low placement risk.
C-155,Marcus,Winslow,Milwaukee,WI,US Citizen,No,Remote Preferred,1,Data Engineer,AI Engineer,Pipeline Orchestration|Data Governance|Data Warehousing|Data Modeling|Stream Processing,Healthcare,Databricks Certified Data Engineer Associate,Bachelor's,Business Administration,Python,AWS,Airflow|Spark,GitHub Actions|Docker,,Built Spark and Airflow pipelines feeding a Snowflake warehouse for a Healthcare analytics program.,"Junior Data Engineer with 1 years of experience across Healthcare. Built Spark and Airflow pipelines feeding a Snowflake warehouse for a Healthcare analytics program. Core stack: Pipeline Orchestration, Data Governance, Data Warehousing, Data Modeling, Python, AWS, GitHub Actions, Docker. Certifications: Databricks Certified Data Engineer Associate. Comfortable in Agile delivery teams and client-facing environments.",4.0,3.5,4.4,3.6,5.0,3.7,2026-09-06,1099,$55-68/hr,,Rolling Off Current Project,Reliable delivery record on recent engagements.
C-156,Tomas,Villanueva,Chicago,IL,US Citizen,No,Flexible,1,Data Engineer,AI Engineer,Data Governance|ETL Development|Data Modeling|Data Warehousing|Cost Optimization,Telecom,SnowPro Core|Databricks Certified Data Engineer Associate,Bachelor's,Information Systems,Python|Scala,AWS,Snowflake|BigQuery,Docker|GitHub Actions,,Implemented dbt models and data quality checks across a Telecom client's 60-table reporting layer.,"Junior Data Engineer with 1 years of experience across Telecom. Implemented dbt models and data quality checks across a Telecom client's 60-table reporting layer. Core stack: Data Governance, ETL Development, Data Modeling, Data Warehousing, Python, Scala, AWS, Docker, GitHub Actions. Certifications: SnowPro Core, Databricks Certified Data Engineer Associate. Comfortable in Agile delivery teams and client-facing environments.",3.6,3.9,2.6,4.0,4.1,3.5,2026-08-25,C2C,$55-68/hr,3.6,Available - On Bench,Consistently strong delivery feedback; low placement risk.
C-157,Melissa,Beaumont,Hartford,CT,US Citizen,No,Hybrid,6,Data Engineer,Cloud Engineer,Data Governance|MLOps|Data Modeling|Stream Processing|Data Warehousing|Pipeline Orchestration,Healthcare|Banking,GCP Professional Data Engineer,Bachelor's,Economics,SQL|Python,GCP,BigQuery|Redshift|Databricks,GitHub Actions|Docker,,Implemented dbt models and data quality checks across a Banking client's 60-table reporting layer.,"Mid-level Data Engineer with 6 years of experience across Healthcare, Banking. Implemented dbt models and data quality checks across a Banking client's 60-table reporting layer. Core stack: Data Governance, MLOps, Data Modeling, Stream Processing, SQL, Python, GCP, GitHub Actions, Docker. Certifications: GCP Professional Data Engineer. Comfortable in Agile delivery teams and client-facing environments.",3.4,2.9,2.7,4.1,2.7,4.7,2026-09-11,W2 Hourly,$75-92/hr,4.6,Rolling Off Current Project,Consistently strong delivery feedback; low placement risk.
C-158,Andrei,Calloway,Boston,MA,US Citizen,No,Remote Preferred,15,Data Engineer,AI Engineer,Pipeline Orchestration|Infrastructure as Code|Performance Tuning|Data Governance|Data Quality|Data Modeling|Model Deployment|Responsible AI|Data Warehousing|ETL Development,Healthcare|Retail,AWS Data Engineer Associate|SnowPro Core,,,Scala|Python,GCP,Kafka|Databricks,GitHub Actions|Docker,,Built Spark and Airflow pipelines feeding a Snowflake warehouse for a Healthcare analytics program.,"Senior Data Engineer with 15 years of experience across Healthcare, Retail. Built Spark and Airflow pipelines feeding a Snowflake warehouse for a Healthcare analytics program. Core stack: Pipeline Orchestration, Infrastructure as Code, Performance Tuning, Data Governance, Scala, Python, GCP, GitHub Actions, Docker. Certifications: SnowPro Core. Comfortable in Agile delivery teams and client-facing environments.",3.9,4.2,4.2,3.9,4.0,3.0,2026-09-04,1099,$95-118/hr,3.9,Rolling Off Current Project,Reliable delivery record on recent engagements.
C-159,Kwame,Stanton,San Diego,CA,EAD - No Sponsorship Required,No,Remote Only,11,Data Engineer,AI Engineer,Pipeline Orchestration|Data Modeling|Data Governance|Responsible AI|Stream Processing|Cost Optimization|Performance Tuning|Infrastructure as Code|Data Warehousing|Data Quality,Energy|Manufacturing|Telecom,AWS Data Engineer Associate|GCP Professional Data Engineer,Bachelor's,Computer Science,Python,AWS,Airflow|dbt|Snowflake,GitHub Actions|Docker,,Implemented dbt models and data quality checks across a Telecom client's 60-table reporting layer.,"Senior Data Engineer with 11 years of experience across Energy, Manufacturing, Telecom. Implemented dbt models and data quality checks across a Telecom client's 60-table reporting layer. Core stack: Pipeline Orchestration, Data Modeling, Data Governance, Responsible AI, Python, AWS, GitHub Actions, Docker. Certifications: AWS Data Engineer Associate, GCP Professional Data Engineer. Comfortable in Agile delivery teams and client-facing environments.",3.8,4.6,4.0,4.0,2.7,3.9,2026-09-19,W2 Hourly,$95-118/hr,3.5,Rolling Off Current Project,Reliable delivery record on recent engagements.
C-160,Ahmed,Ferreira,Minneapolis,MN,US Citizen,No,Hybrid,5,Data Engineer,AI Engineer,Data Modeling|ETL Development|Stream Processing|Pipeline Orchestration|Data Governance|Responsible AI|Data Quality|Data Warehousing|Cloud Networking,Energy|Manufacturing,AWS Data Engineer Associate|Azure Data Engineer (DP-203),Associate,Computer Science,Python|SQL,GCP,Kafka|Snowflake,Docker|GitHub Actions,,Implemented dbt models and data quality checks across a Manufacturing client's 60-table reporting layer.,"Mid-level Data Engineer with 5 years of experience across Energy, Manufacturing. Implemented dbt models and data quality checks across a Manufacturing client's 60-table reporting layer. Core stack: Data Modeling, ETL Development, Stream Processing, Pipeline Orchestration, Python, SQL, GCP, Docker, GitHub Actions. Certifications: AWS Data Engineer Associate, Azure Data Engineer (DP-203). Comfortable in Agile delivery teams and client-facing environments.",3.4,3.0,3.6,4.5,2.9,2.8,2026-08-26,W2 or C2C,$75-92/hr,,Available - On Bench,Consistently strong delivery feedback; low placement risk.
C-161,Brianna,Stanton,Milwaukee,WI,H-1B - Employer Sponsorship/Transfer Required,No,Remote Preferred,5,Cloud Engineer,DevOps Engineer,Cloud Networking|IAM & Security|Infrastructure as Code|Cost Optimization|Landing Zone Design|Cloud Migration|Kubernetes,Telecom|Logistics,Azure Solutions Architect (AZ-305)|Azure Administrator (AZ-104),Bachelor's,Computer Science,Bash|PowerShell|Python,AWS,Splunk,Terraform|Bicep|Docker|CloudFormation,,"Ran cloud cost optimization and DR design for a Logistics client, cutting monthly spend 22%.","Mid-level Cloud Engineer with 5 years of experience across Telecom, Logistics. Ran cloud cost optimization and DR design for a Logistics client, cutting monthly spend 22%. Core stack: Cloud Networking, IAM & Security, Infrastructure as Code, Cost Optimization, Bash, PowerShell, AWS, Terraform, Bicep. Certifications: Azure Solutions Architect (AZ-305), Azure Administrator (AZ-104). Comfortable in Agile delivery teams and client-facing environments.",3.3,2.5,3.6,3.4,3.2,3.7,2026-08-16,1099,$78-95/hr,3.3,Available - On Bench,Deep technical strength; coach on client-facing communication before interviews.
C-162,Ravi,Chandler,Austin,TX,US Citizen,No,Flexible,15,Cloud Engineer,DevOps Engineer,Kubernetes|IAM & Security|Infrastructure as Code|Cost Optimization|Cloud Networking|Release Management|Scripting|Containerization|Cloud Migration,Insurance|Energy|Public Sector,Terraform Associate,Master's,Information Systems,Bash|PowerShell|Python,Azure,Splunk,Bicep|CloudFormation|Docker,,"Designed AWS landing zones, IAM guardrails, and network topology for a Public Sector cloud migration.","Senior Cloud Engineer with 15 years of experience across Energy, Public Sector. Designed AWS landing zones, IAM guardrails, and network topology for a Public Sector cloud migration. Core stack: Kubernetes, IAM & Security, Infrastructure as Code, Cost Optimization, Bash, PowerShell, Azure, Bicep, CloudFormation. Certifications: Terraform Associate. Comfortable in Agile delivery teams and client-facing environments.",4.0,3.2,3.9,4.8,4.3,3.9,2026-09-02,W2 Hourly,$100-125/hr,4.4,Notice Period,Reliable delivery record on recent engagements.
C-163,Jasmine,Takahashi,Tampa,FL,H-1B - Employer Sponsorship/Transfer Required,No,Flexible,6,Cloud Engineer,DevOps Engineer,Kubernetes|Infrastructure as Code|Disaster Recovery|Cloud Migration|Cloud Architecture|IAM & Security|Cloud Networking|Monitoring,Insurance|Public Sector,Terraform Associate,Bachelor's,Computer Engineering,Bash|PowerShell,Azure,Splunk,CloudFormation|Bicep|Docker|Terraform,,Led lift-and-shift plus re-platforming of 30 workloads to Azure for a Public Sector enterprise.,"Mid-level Cloud Engineer with 6 years of experience across Insurance, Public Sector. Led lift-and-shift plus re-platforming of 30 workloads to Azure for a Public Sector enterprise. Core stack: Kubernetes, Infrastructure as Code, Disaster Recovery, Cloud Migration, Bash, PowerShell, Azure, CloudFormation, Bicep. Certifications: Terraform Associate. Comfortable in Agile delivery teams and client-facing environments.",3.4,3.8,3.5,2.7,2.7,4.5,2026-09-26,W2 Hourly,$78-95/hr,3.7,Rolling Off Current Project,Reliable delivery record on recent engagements.
C-164,Vanessa,Vance,Salt Lake City,UT,US Permanent Resident (Green Card),No,Hybrid,2,Cloud Engineer,DevOps Engineer,Landing Zone Design|Infrastructure as Code|Kubernetes|GitOps|Disaster Recovery|Containerization,Telecom,GCP Associate Cloud Engineer|AWS Solutions Architect Professional,Bachelor's,Computer Science,Bash|PowerShell|Python,GCP|Azure,Splunk,Terraform|Bicep,,Led lift-and-shift plus re-platforming of 30 workloads to Azure for a Telecom enterprise.,"Junior Cloud Engineer with 2 years of experience across Telecom. Led lift-and-shift plus re-platforming of 30 workloads to Azure for a Telecom enterprise. Core stack: Landing Zone Design, Infrastructure as Code, Kubernetes, GitOps, Bash, PowerShell, GCP, Terraform, Bicep. Certifications: GCP Associate Cloud Engineer. Comfortable in Agile delivery teams and client-facing environments.",4.2,4.6,3.3,3.7,4.7,4.8,2026-08-26,W2 Hourly,$55-68/hr,4.4,Available - On Bench,Recently certified; limited hands-on project depth so far - good for supervised roles.
C-165,Emily,Adeyemi,Boston,MA,US Citizen,No,Remote Only,4,Cloud Engineer,DevOps Engineer,Infrastructure as Code|Monitoring|Landing Zone Design|IAM & Security|Kubernetes|CI/CD|Cloud Architecture|Cost Optimization|Disaster Recovery,Banking|Insurance,Azure Administrator (AZ-104),Associate,Computer Science,PowerShell|Bash,AWS,Splunk,CloudFormation|Terraform|Docker,,"Designed AWS landing zones, IAM guardrails, and network topology for a Banking cloud migration.",CLOUD ENGINEER - 4+ yrs. infrastructure as code / monitoring / landing zone design / powershell / cloudformation. refs avail on request. see attached doc (missing).,,,,,,,2026-09-04,W2 Hourly,$78-95/hr,,Rolling Off Current Project,Profile incomplete - awaiting updated resume and assessment results from consultant.
C-166,Tomas,Ferreira,Minneapolis,MN,US Citizen,Yes,Flexible,11,Cloud Engineer,DevOps Engineer,Containerization|Infrastructure as Code|Landing Zone Design|IAM & Security|Cloud Networking|Cost Optimization|Cloud Migration|Kubernetes|Scripting|Release Management|Disaster Recovery,Retail|Telecom,AWS Solutions Architect Professional|Azure Solutions Architect (AZ-305),Bachelor's,Data Science,Python|Bash|PowerShell,Azure,Splunk,Docker|Bicep,,"Designed AWS landing zones, IAM guardrails, and network topology for a Retail cloud migration.","Senior Cloud Engineer with 11 years of experience across Retail, Telecom. Designed AWS landing zones, IAM guardrails, and network topology for a Retail cloud migration. Core stack: Containerization, Infrastructure as Code, Landing Zone Design, IAM & Security, Python, Bash, Azure, Docker, Bicep. Certifications: AWS Solutions Architect Professional, Azure Solutions Architect (AZ-305). Comfortable in Agile delivery teams and client-facing environments.",3.9,3.4,4.7,4.4,3.9,3.0,2026-08-14,C2C,$100-125/hr,3.3,Available - On Bench,Reliable delivery record on recent engagements.
C-167,Roberto,Iwata,New York,NY,US Citizen,Yes,Hybrid,5,Cloud Engineer,DevOps Engineer,GitOps|IAM & Security|Cloud Networking|Landing Zone Design|Cloud Architecture|CI/CD|Cost Optimization|Kubernetes,Public Sector|Retail,Azure Administrator (AZ-104)|Terraform Associate,Bachelor's,Business Administration,Python,AWS,Splunk,CloudFormation|Terraform|Docker,,Led lift-and-shift plus re-platforming of 30 workloads to Azure for a Retail enterprise.,"Mid-level Cloud Engineer with 5 years of experience across Public Sector, Retail. Led lift-and-shift plus re-platforming of 30 workloads to Azure for a Retail enterprise. Core stack: GitOps, IAM & Security, Cloud Networking, Landing Zone Design, Python, AWS, CloudFormation, Terraform. Certifications: Azure Administrator (AZ-104), Terraform Associate. Comfortable in Agile delivery teams and client-facing environments.",3.4,2.1,3.1,4.6,4.4,3.0,2026-09-06,W2 Hourly,$78-95/hr,4.4,Rolling Off Current Project,Deep technical strength; coach on client-facing communication before interviews.
C-168,Ingrid,Sato,Denver,CO,US Citizen,No,Hybrid,10,Cloud Engineer,DevOps Engineer,Cost Optimization|Landing Zone Design|IAM & Security|Release Management|Kubernetes|Cloud Migration|Containerization|Cloud Architecture|CI/CD|Cloud Networking,Public Sector|Banking,,Associate,Information Systems,Python|Bash|PowerShell,Azure|AWS,Splunk,Bicep|CloudFormation|Terraform,,Led lift-and-shift plus re-platforming of 30 workloads to Azure for a Public Sector enterprise.,"Senior Cloud Engineer with 10 years of experience across Public Sector, Banking. Led lift-and-shift plus re-platforming of 30 workloads to Azure for a Public Sector enterprise. Core stack: Cost Optimization, Landing Zone Design, IAM & Security, Release Management, Python, Bash, Azure, Bicep, CloudFormation. No formal certifications listed. Comfortable in Agile delivery teams and client-facing environments.",3.6,2.8,4.0,4.4,3.4,3.2,2026-08-24,C2C,$100-125/hr,4.7,Available - On Bench,Reliable delivery record on recent engagements.
C-169,Tomas,Alvarado,San Diego,CA,US Citizen,Yes,Onsite OK,3,Cloud Engineer,DevOps Engineer,Cloud Migration|Landing Zone Design|IAM & Security|Release Management|Kubernetes,Public Sector,Azure Solutions Architect (AZ-305)|Azure Administrator (AZ-104)|Terraform Associate,Bachelor's,Information Technology,Bash|Python,GCP|Azure,Splunk,Terraform|Docker|CloudFormation,,"Designed AWS landing zones, IAM guardrails, and network topology for a Public Sector cloud migration.","Junior Cloud Engineer with 3 years of experience across Public Sector. Designed AWS landing zones, IAM guardrails, and network topology for a Public Sector cloud migration. Core stack: Cloud Migration, Landing Zone Design, IAM & Security, Release Management, Bash, Python, GCP, Terraform, Docker. Certifications: Azure Solutions Architect (AZ-305), Azure Administrator (AZ-104), Terraform Associate. Comfortable in Agile delivery teams and client-facing environments.",3.8,3.0,4.3,3.5,3.8,4.3,2026-09-20,W2 or C2C,$55-68/hr,3.4,Rolling Off Current Project,Recently certified; limited hands-on project depth so far - good for supervised roles.
C-170,Megan,Nakamura,Dallas,TX,US Citizen,No,Hybrid,1,Cloud Engineer,DevOps Engineer,Infrastructure as Code|Cost Optimization|Cloud Architecture|Kubernetes|Monitoring,Energy,AWS Solutions Architect Professional|AWS Solutions Architect Associate|Azure Solutions Architect (AZ-305),Bachelor's,Computer Science,Python|PowerShell,Azure,Splunk,Terraform|CloudFormation,,Led lift-and-shift plus re-platforming of 30 workloads to Azure for a Energy enterprise.,"Junior Cloud Engineer with 1 years of experience across Energy. Led lift-and-shift plus re-platforming of 30 workloads to Azure for a Energy enterprise. Core stack: Infrastructure as Code, Cost Optimization, Cloud Architecture, Kubernetes, Python, PowerShell, Azure, Terraform, CloudFormation. Certifications: AWS Solutions Architect Professional, AWS Solutions Architect Associate, Azure Solutions Architect (AZ-305). Comfortable in Agile delivery teams and client-facing environments.",3.2,3.2,3.6,3.6,2.9,2.6,2026-09-18,W2 or C2C,$55-68/hr,3.3,Rolling Off Current Project,Recently certified; limited hands-on project depth so far - good for supervised roles.
C-171,Tariq,Petrov,San Diego,CA,US Citizen,No,Hybrid,1,Cloud Engineer,DevOps Engineer,Landing Zone Design|Monitoring|Infrastructure as Code|Cloud Architecture|Containerization,Energy,AWS Solutions Architect Professional|AWS Solutions Architect Associate|AWS Security Specialty,Bachelor's,Computer Science,Python|PowerShell,Azure,Splunk,Docker|Terraform|CloudFormation,,"Ran cloud cost optimization and DR design for a Energy client, cutting monthly spend 22%.","resume v3 FINAL - Tariq - landing zone design / monitoring / infrastructure as code / python / docker - worked energy clients, dates tbc",,,,,,,2026-08-11,W2 Hourly,$55-68/hr,,Available - On Bench,Profile incomplete - awaiting updated resume and assessment results from consultant.
C-172,Courtney,Haddad,Hartford,CT,EAD - No Sponsorship Required,No,Onsite OK,7,Cloud Engineer,DevOps Engineer,Infrastructure as Code|Kubernetes|Cloud Migration|Containerization|Cost Optimization|IAM & Security|Cloud Networking|Landing Zone Design,Energy|Manufacturing,AWS Solutions Architect Professional,Associate,Information Systems,PowerShell|Bash|Python,AWS,Splunk,Bicep|CloudFormation,,Led lift-and-shift plus re-platforming of 30 workloads to Azure for a Energy enterprise.,"Mid-level Cloud Engineer with 7 years of experience across Energy, Manufacturing. Led lift-and-shift plus re-platforming of 30 workloads to Azure for a Energy enterprise. Core stack: Infrastructure as Code, Kubernetes, Cloud Migration, Containerization, PowerShell, Bash, AWS, Bicep, CloudFormation. Certifications: AWS Solutions Architect Professional. Comfortable in Agile delivery teams and client-facing environments.",4.2,3.1,3.9,4.7,4.3,4.8,2026-08-31,W2 Hourly,$78-95/hr,4.3,Available - On Bench,Reliable delivery record on recent engagements.
C-173,Emily,Vance,Columbus,OH,US Citizen,Yes,Remote Only,2,Cloud Engineer,DevOps Engineer,IAM & Security|CI/CD|Containerization|Cloud Migration|Kubernetes,Insurance,AWS Solutions Architect Associate|GCP Associate Cloud Engineer,Bachelor's,Software Engineering,PowerShell|Bash,AWS,Splunk,Docker|Bicep,,"Ran cloud cost optimization and DR design for a Insurance client, cutting monthly spend 22%.","Junior Cloud Engineer with 2 years of experience across Insurance. Ran cloud cost optimization and DR design for a Insurance client, cutting monthly spend 22%. Core stack: IAM & Security, CI/CD, Containerization, Cloud Migration, PowerShell, Bash, AWS, Docker, Bicep. Certifications: AWS Solutions Architect Associate, GCP Associate Cloud Engineer. Comfortable in Agile delivery teams and client-facing environments.",3.8,4.1,2.6,3.2,4.4,4.6,2026-09-04,C2C,$55-68/hr,3.4,Rolling Off Current Project,Recently certified; limited hands-on project depth so far - good for supervised roles.
C-174,Jasmine,Herrera,St. Louis,MO,US Permanent Resident (Green Card),No,Hybrid,8,Cloud Engineer,DevOps Engineer,Cloud Migration|Cost Optimization|Cloud Architecture|Landing Zone Design|Kubernetes|GitOps,Telecom|Logistics,AWS Solutions Architect Associate,Master's,Information Systems,PowerShell|Python|Bash,AWS|Azure,Splunk,CloudFormation|Terraform|Bicep,,"Designed AWS landing zones, IAM guardrails, and network topology for a Telecom cloud migration.","Mid-level Cloud Engineer with 8 years of experience across Logistics. Designed AWS landing zones, IAM guardrails, and network topology for a Telecom cloud migration. Core stack: Cloud Migration, Cost Optimization, Cloud Architecture, Landing Zone Design, PowerShell, Python, AWS, CloudFormation, Terraform. Certifications: AWS Solutions Architect Associate. Comfortable in Agile delivery teams and client-facing environments.",3.7,4.7,3.5,2.7,4.4,3.1,2026-08-25,C2C,$78-95/hr,,Available - On Bench,Consistently strong delivery feedback; low placement risk.
C-175,Emily,Sherwood,Nashville,TN,US Permanent Resident (Green Card),No,Remote Only,11,Cloud Engineer,DevOps Engineer,Containerization|Scripting|GitOps|Disaster Recovery|Infrastructure as Code|CI/CD|Landing Zone Design|Cloud Networking|Cost Optimization|Cloud Migration,Insurance|Public Sector,GCP Associate Cloud Engineer,Master's,Information Systems,Bash|PowerShell,AWS,Splunk,Terraform|Docker|Bicep,,"Ran cloud cost optimization and DR design for a Insurance client, cutting monthly spend 22%.","Senior Cloud Engineer with 11 years of experience across Insurance, Public Sector. Ran cloud cost optimization and DR design for a Insurance client, cutting monthly spend 22%. Core stack: Containerization, Scripting, GitOps, Disaster Recovery, Bash, PowerShell, AWS, Terraform, Docker. Certifications: GCP Associate Cloud Engineer. Comfortable in Agile delivery teams and client-facing environments.",4.0,4.8,4.2,3.0,4.8,3.2,2026-08-19,1099,$100-125/hr,4.8,Available - On Bench,Excellent client presence and soft skills; pair with a technical anchor on complex builds.
C-176,Dana,Ferro,Charlotte,NC,US Citizen,No,Hybrid,3,Cloud Engineer,DevOps Engineer,Cloud Networking|Kubernetes|Cost Optimization|Landing Zone Design|Monitoring,Public Sector,GCP Associate Cloud Engineer,Bachelor's,Software Engineering,Python|Bash|PowerShell,GCP,Splunk,CloudFormation|Bicep|Terraform,,Led lift-and-shift plus re-platforming of 30 workloads to Azure for a Public Sector enterprise.,"Junior Cloud Engineer with 3 years of experience across Public Sector. Led lift-and-shift plus re-platforming of 30 workloads to Azure for a Public Sector enterprise. Core stack: Cloud Networking, Kubernetes, Cost Optimization, Landing Zone Design, Python, Bash, GCP, CloudFormation, Bicep. Certifications: GCP Associate Cloud Engineer. Comfortable in Agile delivery teams and client-facing environments.",4.0,3.5,4.1,4.9,4.3,3.0,2026-08-13,1099,$55-68/hr,3.7,Available - On Bench,Reliable delivery record on recent engagements.
C-177,Sarah,Ferro,Portland,OR,EAD - No Sponsorship Required,No,Remote Only,13,AI Engineer,Data Engineer,Model Deployment|LLM Integration|Computer Vision|Pipeline Orchestration|Performance Tuning|ETL Development|Responsible AI|MLOps|NLP|Prompt Engineering|Feature Engineering,Telecom|Retail,Databricks ML Associate,Bachelor's,Computer Engineering,Python|R|SQL,GCP,Databricks|PyTorch,Docker|GitHub Actions,,Shipped an LLM-based document triage assistant with RAG retrieval for a Retail operations team.,"Senior AI Engineer with 13 years of experience across Telecom, Retail. Shipped an LLM-based document triage assistant with RAG retrieval for a Retail operations team. Core stack: Model Deployment, LLM Integration, Computer Vision, Pipeline Orchestration, Python, R, GCP, Docker, GitHub Actions. Certifications: Databricks ML Associate. Comfortable in Agile delivery teams and client-facing environments.",3.8,4.7,2.6,3.5,3.4,4.7,2026-08-14,W2 or C2C,$110-138/hr,,Available - On Bench,Excellent client presence and soft skills; pair with a technical anchor on complex builds.
C-178,Omar,Vance,Des Moines,IA,US Permanent Resident (Green Card),Yes,Remote Preferred,2,AI Engineer,Data Engineer,Responsible AI|Performance Tuning|RAG Pipelines|MLOps|NLP|Feature Engineering,Public Sector,,,,Python|R|SQL,GCP,Databricks|SageMaker,GitHub Actions|Docker,,Shipped an LLM-based document triage assistant with RAG retrieval for a Public Sector operations team.,"Junior AI Engineer with 2 years of experience across Public Sector. Shipped an LLM-based document triage assistant with RAG retrieval for a Public Sector operations team. Core stack: Responsible AI, Performance Tuning, RAG Pipelines, MLOps, Python, R, GCP, GitHub Actions, Docker. No formal certifications listed. Comfortable in Agile delivery teams and client-facing environments.",4.2,4.4,3.5,4.4,4.4,4.4,2026-08-14,1099,$60-75/hr,4.2,Available - On Bench,Reliable delivery record on recent engagements.
C-179,Katie,Sorensen,St. Louis,MO,US Permanent Resident (Green Card),No,Remote Preferred,1,AI Engineer,Data Engineer,Prompt Engineering|NLP|Stream Processing|Feature Engineering|Performance Tuning,Telecom,AWS Machine Learning Specialty|Databricks ML Associate,Bachelor's,Economics,Python,GCP|Azure,Hugging Face|LangChain|TensorFlow,Docker|GitHub Actions,,Built and deployed ML models with MLflow tracking and automated retraining for a Telecom client.,"Junior AI Engineer with 1 years of experience across Telecom. Built and deployed ML models with MLflow tracking and automated retraining for a Telecom client. Core stack: Prompt Engineering, NLP, Stream Processing, Feature Engineering, Python, GCP, Docker, GitHub Actions. Certifications: AWS Machine Learning Specialty, Databricks ML Associate. Comfortable in Agile delivery teams and client-facing environments.",3.5,4.6,2.7,3.4,3.7,2.9,2026-08-13,C2C,$60-75/hr,4.9,Available - On Bench,Excellent client presence and soft skills; pair with a technical anchor on complex builds.
C-180,Arjun,Winslow,Seattle,WA,US Citizen,No,Hybrid,8,AI Engineer,Data Engineer,Data Warehousing|MLOps|RAG Pipelines|Machine Learning|Prompt Engineering|NLP|Computer Vision|Responsible AI|Performance Tuning,Banking|Insurance,Azure AI Engineer (AI-102),Bachelor's,Information Technology,SQL,GCP,LangChain|Azure ML|Databricks,Docker|GitHub Actions,,Shipped an LLM-based document triage assistant with RAG retrieval for a Banking operations team.,"Mid-level AI Engineer with 8 years of experience across Banking, Insurance. Shipped an LLM-based document triage assistant with RAG retrieval for a Banking operations team. Core stack: Data Warehousing, MLOps, RAG Pipelines, Machine Learning, SQL, GCP, Docker, GitHub Actions. Certifications: Azure AI Engineer (AI-102). Comfortable in Agile delivery teams and client-facing environments.",3.2,3.4,4.3,2.7,3.8,2.0,2026-09-26,W2 Salaried (FTE conversion open),$85-105/hr,3.4,Rolling Off Current Project,Reliable delivery record on recent engagements.
C-181,Nikhil,Lindgren,Charlotte,NC,US Citizen,Yes,Remote Preferred,9,AI Engineer,Data Engineer,Data Warehousing|RAG Pipelines|Responsible AI|Pipeline Orchestration|Machine Learning|Feature Engineering|LLM Integration|Prompt Engineering|Performance Tuning,Public Sector|Logistics|Manufacturing,Azure AI Engineer (AI-102),Master's,Information Systems,R|Python,GCP,Vertex AI|SageMaker|Hugging Face,GitHub Actions|Docker,,Delivered NLP classification and prompt-engineered workflows integrated into a Public Sector case system.,"Senior AI Engineer with 9 years of experience across Public Sector, Logistics, Manufacturing. Delivered NLP classification and prompt-engineered workflows integrated into a Public Sector case system. Core stack: Data Warehousing, RAG Pipelines, Responsible AI, Pipeline Orchestration, R, Python, GCP, GitHub Actions, Docker. Certifications: Azure AI Engineer (AI-102). Comfortable in Agile delivery teams and client-facing environments.",3.2,2.9,2.9,3.7,3.7,2.8,2026-08-17,W2 Hourly,$110-138/hr,4.9,Available - On Bench,Consistently strong delivery feedback; low placement risk.
C-182,Whitney,Mensah,Portland,OR,US Permanent Resident (Green Card),No,Remote Only,7,AI Engineer,Data Engineer,Performance Tuning|Model Deployment|Responsible AI|Machine Learning|Feature Engineering|Data Warehousing|NLP|Prompt Engineering|RAG Pipelines,Public Sector,,Bachelor's,Information Systems,Python|SQL,Azure,SageMaker|Vertex AI,GitHub Actions|Docker,,Delivered NLP classification and prompt-engineered workflows integrated into a Public Sector case system.,"Mid-level AI Engineer with 7 years of experience across Public Sector. Delivered NLP classification and prompt-engineered workflows integrated into a Public Sector case system. Core stack: Performance Tuning, Model Deployment, Responsible AI, Machine Learning, Python, SQL, Azure, GitHub Actions, Docker. No formal certifications listed. Comfortable in Agile delivery teams and client-facing environments.",3.4,3.8,3.3,3.3,2.7,3.9,2026-08-22,W2 Salaried (FTE conversion open),$85-105/hr,4.9,Available - On Bench,Reliable delivery record on recent engagements.
C-183,Ingrid,Sherwood,Seattle,WA,US Permanent Resident (Green Card),No,Flexible,3,AI Engineer,Data Engineer,MLOps|ETL Development|Responsible AI|LLM Integration|Prompt Engineering|Data Warehousing,Banking,Azure AI Engineer (AI-102)|TensorFlow Developer Certificate,Master's,Software Engineering,Python,AWS,scikit-learn|Databricks,Docker|GitHub Actions,,Built and deployed ML models with MLflow tracking and automated retraining for a Banking client.,"Junior AI Engineer with 3 years of experience across Banking. Built and deployed ML models with MLflow tracking and automated retraining for a Banking client. Core stack: MLOps, ETL Development, Responsible AI, LLM Integration, Python, AWS, Docker, GitHub Actions. Certifications: Azure AI Engineer (AI-102), TensorFlow Developer Certificate. Comfortable in Agile delivery teams and client-facing environments.",3.5,4.1,4.4,3.5,2.9,2.5,2026-08-25,C2C,$60-75/hr,4.0,Available - On Bench,Recently certified; limited hands-on project depth so far - good for supervised roles.
C-184,Shannon,Osei,Des Moines,IA,US Citizen,No,Remote Preferred,11,AI Engineer,Data Engineer,Prompt Engineering|Feature Engineering|MLOps|Machine Learning|Model Deployment|Performance Tuning|Data Warehousing|RAG Pipelines|NLP,Energy|Manufacturing|Public Sector,TensorFlow Developer Certificate,Associate,Computer Science,Python|R|SQL,GCP|Azure,SageMaker|TensorFlow,GitHub Actions|Docker,,Shipped an LLM-based document triage assistant with RAG retrieval for a Public Sector operations team.,"Senior AI Engineer with 11 years of experience across Energy, Manufacturing, Public Sector. Shipped an LLM-based document triage assistant with RAG retrieval for a Public Sector operations team. Core stack: Prompt Engineering, Feature Engineering, MLOps, Machine Learning, Python, R, GCP, GitHub Actions, Docker. Certifications: TensorFlow Developer Certificate. Comfortable in Agile delivery teams and client-facing environments.",3.8,4.1,3.0,3.8,3.6,4.7,2026-08-21,W2 Hourly,$110-138/hr,,Available - On Bench,Reliable delivery record on recent engagements.
C-185,James,Rowan,Seattle,WA,US Citizen,No,Remote Preferred,1,AI Engineer,Data Engineer,NLP|Feature Engineering|Data Modeling|Machine Learning|Data Warehousing|Prompt Engineering,Telecom,Azure AI Engineer (AI-102)|Databricks ML Associate,Master's,Computer Engineering,Python,Azure|AWS,Databricks|LangChain|SageMaker,GitHub Actions|Docker,,Built and deployed ML models with MLflow tracking and automated retraining for a Telecom client.,"Junior AI Engineer with 1 years of experience across Telecom. Built and deployed ML models with MLflow tracking and automated retraining for a Telecom client. Core stack: NLP, Feature Engineering, Data Modeling, Machine Learning, Python, Azure, GitHub Actions, Docker. Certifications: Azure AI Engineer (AI-102). Comfortable in Agile delivery teams and client-facing environments.",3.5,3.3,3.9,4.2,3.6,2.6,2026-08-21,W2 Hourly,$60-75/hr,3.5,Available - On Bench,Recently certified; limited hands-on project depth so far - good for supervised roles.
C-186,Rachel,Herrera,Columbus,OH,US Citizen,No,Remote Preferred,10,AI Engineer,Data Engineer,LLM Integration|NLP|Model Deployment|Pipeline Orchestration|Stream Processing|Feature Engineering|MLOps|Prompt Engineering|Performance Tuning|RAG Pipelines|Machine Learning,Banking|Telecom|Public Sector,AWS Machine Learning Specialty|TensorFlow Developer Certificate,Associate,Information Systems,Python|R,AWS|GCP,PyTorch|SageMaker|scikit-learn,GitHub Actions|Docker,,Shipped an LLM-based document triage assistant with RAG retrieval for a Banking operations team.,"Senior AI Engineer with 10 years of experience across Banking, Telecom, Public Sector. Shipped an LLM-based document triage assistant with RAG retrieval for a Banking operations team. Core stack: LLM Integration, NLP, Model Deployment, Pipeline Orchestration, Python, R, AWS, GitHub Actions, Docker. Certifications: AWS Machine Learning Specialty, TensorFlow Developer Certificate. Comfortable in Agile delivery teams and client-facing environments.",3.7,4.1,3.1,3.9,2.9,4.6,2026-09-19,W2 Salaried (FTE conversion open),$110-138/hr,4.2,Rolling Off Current Project,Reliable delivery record on recent engagements.
C-187,Katie,Barros,Nashville,TN,EAD - No Sponsorship Required,Yes,Onsite OK,3,AI Engineer,Data Engineer,Data Warehousing|Computer Vision|Data Modeling|Responsible AI|Stream Processing|Machine Learning,Manufacturing,TensorFlow Developer Certificate,Bachelor's,Data Science,Python,AWS,Azure ML|MLflow|TensorFlow,Docker|GitHub Actions,,Shipped an LLM-based document triage assistant with RAG retrieval for a Manufacturing operations team.,"Junior AI Engineer with 3 years of experience across Manufacturing. Shipped an LLM-based document triage assistant with RAG retrieval for a Manufacturing operations team. Core stack: Data Warehousing, Computer Vision, Data Modeling, Responsible AI, Python, AWS, Docker, GitHub Actions. Certifications: TensorFlow Developer Certificate. Comfortable in Agile delivery teams and client-facing environments.",3.3,3.1,4.2,2.8,3.1,3.1,2026-08-31,1099,$60-75/hr,3.3,Available - On Bench,Consistently strong delivery feedback; low placement risk.
C-188,Sarah,Chandler,Des Moines,IA,US Citizen,No,Hybrid,7,AI Engineer,Data Engineer,Performance Tuning|MLOps|RAG Pipelines|Feature Engineering|LLM Integration|NLP|Machine Learning|Data Modeling,Banking|Insurance,TensorFlow Developer Certificate|Databricks ML Associate,,,R|Python,GCP,Databricks|Vertex AI|SageMaker,Docker|GitHub Actions,,Delivered NLP classification and prompt-engineered workflows integrated into a Insurance case system.,"Mid-level AI Engineer with 7 years of experience across Banking, Insurance. Delivered NLP classification and prompt-engineered workflows integrated into a Insurance case system. Core stack: Performance Tuning, MLOps, RAG Pipelines, Feature Engineering, R, Python, GCP, Docker, GitHub Actions. Certifications: TensorFlow Developer Certificate, Databricks ML Associate. Comfortable in Agile delivery teams and client-facing environments.",3.8,2.9,4.2,4.4,2.7,4.8,2026-09-09,1099,$85-105/hr,3.5,Rolling Off Current Project,Reliable delivery record on recent engagements.
C-189,Erin,Ferreira,Seattle,WA,US Citizen,No,Hybrid,5,AI Engineer,Data Engineer,Pipeline Orchestration|Machine Learning|Feature Engineering|MLOps|Responsible AI|RAG Pipelines|Model Deployment|LLM Integration,Banking,TensorFlow Developer Certificate|AWS Machine Learning Specialty,Associate,Computer Science,Python|SQL|R,GCP,SageMaker|TensorFlow|MLflow,Docker|GitHub Actions,,Delivered NLP classification and prompt-engineered workflows integrated into a Banking case system.,pipeline orchestration / machine learning / feature engineering / data quality / python / docker ; 5 yrs exp ; open to remote ; rate negotiable,4.2,4.5,4.8,3.6,4.7,3.6,2026-08-19,W2 Hourly,$85-105/hr,,Available - On Bench,Profile incomplete - awaiting updated resume and assessment results from consultant.
C-190,Priya,Alves,Philadelphia,PA,US Citizen,Yes,Hybrid,5,AI Engineer,Data Engineer,Model Deployment|RAG Pipelines|MLOps|Data Quality|Feature Engineering|Machine Learning|Data Warehousing|Responsible AI|LLM Integration,Energy|Manufacturing,AWS Machine Learning Specialty|TensorFlow Developer Certificate,PhD,Data Science,R|SQL|Python,GCP,TensorFlow|PyTorch|Databricks,Docker|GitHub Actions,,Built and deployed ML models with MLflow tracking and automated retraining for a Manufacturing client.,"Mid-level AI Engineer with 5 years of experience across Energy, Manufacturing. Built and deployed ML models with MLflow tracking and automated retraining for a Manufacturing client. Core stack: Model Deployment, RAG Pipelines, MLOps, Data Quality, R, SQL, GCP, Docker, GitHub Actions. Certifications: AWS Machine Learning Specialty, TensorFlow Developer Certificate. Comfortable in Agile delivery teams and client-facing environments.",3.4,4.5,2.8,4.2,3.3,2.0,2026-08-13,W2 Hourly,$85-105/hr,3.9,Available - On Bench,Consistently strong delivery feedback; low placement risk.
C-191,Lukas,Mbeki,Atlanta,GA,H-1B - Employer Sponsorship/Transfer Required,Yes,Remote Preferred,7,AI Engineer,Data Engineer,NLP|Machine Learning|RAG Pipelines|Prompt Engineering|Model Deployment|Pipeline Orchestration,Banking|Energy,Azure AI Engineer (AI-102)|Databricks ML Associate,Master's,Computer Science,Python,GCP,MLflow|PyTorch|TensorFlow,Docker|GitHub Actions,,Shipped an LLM-based document triage assistant with RAG retrieval for a Banking operations team.,"Mid-level AI Engineer with 7 years of experience across Banking, Energy. Shipped an LLM-based document triage assistant with RAG retrieval for a Banking operations team. Core stack: NLP, Machine Learning, RAG Pipelines, Prompt Engineering, Python, GCP, Docker, GitHub Actions. Certifications: Azure AI Engineer (AI-102), Databricks ML Associate. Comfortable in Agile delivery teams and client-facing environments.",3.3,2.8,4.1,3.5,3.0,3.2,2026-09-09,1099,$85-105/hr,4.1,Notice Period,Consistently strong delivery feedback; low placement risk.
C-192,Yuki,Castellano,Chicago,IL,US Permanent Resident (Green Card),No,Hybrid,1,AI Engineer,Data Engineer,Data Quality|LLM Integration|Model Deployment|Prompt Engineering|RAG Pipelines|Performance Tuning,Banking,Databricks ML Associate|TensorFlow Developer Certificate,Master's,Computer Science,R|SQL|Python,GCP,Databricks|scikit-learn,Docker|GitHub Actions,,Delivered NLP classification and prompt-engineered workflows integrated into a Banking case system.,AI ENGINEER - 1+ yrs. data quality / llm integration / model deployment / nlp / data modeling / r / docker. refs avail on request. see attached doc (missing).,4.0,4.3,4.3,4.2,2.8,4.4,2026-09-11,1099,$60-75/hr,,Notice Period,Profile incomplete - awaiting updated resume and assessment results from consultant.
C-193,Priya,Beaumont,Boston,MA,US Citizen,No,Remote Preferred,2,Scrum Master,Business Analyst,Agile Coaching|Backlog Refinement|Impediment Removal|UAT Planning|Conflict Resolution,Banking,PSM I|ICP-ACC,Bachelor's,Business Administration,,,Miro|Confluence|Rally,Azure DevOps Boards,,Facilitated ceremonies and removed cross-team impediments for a Banking platform release train.,"Junior Scrum Master with 2 years of experience across Banking. Facilitated ceremonies and removed cross-team impediments for a Banking platform release train. Core stack: Agile Coaching, Backlog Refinement, Impediment Removal, UAT Planning, Azure DevOps Boards. Certifications: PSM I, ICP-ACC. Comfortable in Agile delivery teams and client-facing environments.",3.4,2.9,2.8,4.1,4.2,3.2,2026-08-24,W2 Hourly,$45-58/hr,,Available - On Bench,Reliable delivery record on recent engagements.
C-194,Sarah,Mbeki,Seattle,WA,US Citizen,No,Onsite OK,8,Scrum Master,Product Analyst,Team Metrics & Reporting|Agile Coaching|Sprint Planning|Impediment Removal|User Research|SAFe Program Execution|Scrum Facilitation,FinTech|Insurance,PSM I,Bachelor's,Organizational Leadership,,,Rally|Confluence|Miro,Azure DevOps Boards,,Stood up agile metrics and sprint reporting for a newly formed FinTech product team.,"Mid-level Scrum Master with 8 years of experience across FinTech, Insurance. Stood up agile metrics and sprint reporting for a newly formed FinTech product team. Core stack: Team Metrics & Reporting, Agile Coaching, Sprint Planning, Impediment Removal, Azure DevOps Boards. Certifications: PSM I. Comfortable in Agile delivery teams and client-facing environments.",3.5,3.0,3.3,3.1,3.6,4.3,2026-08-27,W2 Hourly,$60-75/hr,,Available - On Bench,Reliable delivery record on recent engagements.
C-195,Tomas,Herrera,Des Moines,IA,TN Visa - No Sponsorship Required,No,Onsite OK,1,Scrum Master,Business Analyst,Scrum Facilitation|Team Metrics & Reporting|Sprint Planning|Backlog Refinement|User Research,Energy,PSM I|ICP-ACC,Bachelor's,Business Administration,,,Jira|Rally|Miro,Azure DevOps Boards,,Coached two Energy delivery squads through SAFe PI planning and cut carryover by 40%.,"Junior Scrum Master with 1 years of experience across Energy. Coached two Energy delivery squads through SAFe PI planning and cut carryover by 40%. Core stack: Scrum Facilitation, Team Metrics & Reporting, Sprint Planning, Backlog Refinement, Azure DevOps Boards. Certifications: PSM I, ICP-ACC. Comfortable in Agile delivery teams and client-facing environments.",3.7,4.3,2.9,3.9,3.0,4.5,2026-09-04,1099,$45-58/hr,4.0,Rolling Off Current Project,Recently certified; limited hands-on project depth so far - good for supervised roles.
C-196,Olivia,Adeyemi,St. Louis,MO,US Permanent Resident (Green Card),Yes,Hybrid,4,Scrum Master,Business Analyst,Agile Coaching|Conflict Resolution|SAFe Program Execution|Team Metrics & Reporting|Backlog Refinement|Gap Analysis|Sprint Planning,Public Sector|Healthcare,PSM I|CSM|PMI-ACP,Bachelor's,Business Administration,,,Jira|Rally|Confluence,Azure DevOps Boards,,Stood up agile metrics and sprint reporting for a newly formed Healthcare product team.,"resume v3 FINAL - Olivia - agile coaching / conflict resolution / safe program execution / azure devops boards - worked public sector clients, dates tbc",3.7,3.5,2.6,3.9,4.0,4.3,2026-09-19,C2C,$60-75/hr,,Rolling Off Current Project,Profile incomplete - awaiting updated resume and assessment results from consultant.
C-197,Carlos,Mensah,St. Louis,MO,US Permanent Resident (Green Card),Yes,Remote Preferred,8,Scrum Master,Product Analyst,SAFe Program Execution|Agile Coaching|Scrum Facilitation|Team Metrics & Reporting|Backlog Refinement|UAT Planning|Sprint Planning,FinTech|Insurance,PSM I,Bachelor's,Data Science,,,Jira|Confluence|Miro,Azure DevOps Boards,,Facilitated ceremonies and removed cross-team impediments for a Insurance platform release train.,"Mid-level Scrum Master with 8 years of experience across FinTech, Insurance. Facilitated ceremonies and removed cross-team impediments for a Insurance platform release train. Core stack: SAFe Program Execution, Agile Coaching, Scrum Facilitation, Team Metrics & Reporting, Azure DevOps Boards. Certifications: PSM I. Comfortable in Agile delivery teams and client-facing environments.",3.4,2.2,2.6,3.9,4.6,3.8,2026-09-26,C2C,$60-75/hr,3.5,Rolling Off Current Project,Deep technical strength; coach on client-facing communication before interviews.
C-198,Arjun,Adeyemi,Salt Lake City,UT,US Citizen,No,Hybrid,2,Scrum Master,Business Analyst,Requirements Elicitation|Conflict Resolution|User Research|Impediment Removal|Agile Coaching,Manufacturing,PSM I,Bachelor's,Computer Science,,,Jira|Miro,Azure DevOps Boards,,Coached two Manufacturing delivery squads through SAFe PI planning and cut carryover by 40%.,requirements elicitation / conflict resolution / user research / azure devops boards ; 2 yrs exp ; open to hybrid ; rate negotiable,,,,,,,2026-08-24,W2 Salaried (FTE conversion open),$45-58/hr,,Available - On Bench,Profile incomplete - awaiting updated resume and assessment results from consultant.
C-199,Dmitri,Rowan,Chicago,IL,EAD - No Sponsorship Required,No,Hybrid,7,Scrum Master,Business Analyst,Team Metrics & Reporting|Scrum Facilitation|Cohort Analysis|Agile Coaching|Sprint Planning|Backlog Refinement|Roadmap Support|Impediment Removal|Process Mapping,Logistics|Telecom,PSM I|ICP-ACC|PSM II,Master's,Software Engineering,,,Miro|Jira|Confluence,Azure DevOps Boards,,Coached two Logistics delivery squads through SAFe PI planning and cut carryover by 40%.,"Mid-level Scrum Master with 7 years of experience across Logistics, Telecom. Coached two Logistics delivery squads through SAFe PI planning and cut carryover by 40%. Core stack: Team Metrics & Reporting, Scrum Facilitation, Cohort Analysis, Agile Coaching, Azure DevOps Boards. Certifications: PSM I, ICP-ACC, PSM II. Comfortable in Agile delivery teams and client-facing environments.",4.2,3.9,4.9,4.2,3.8,4.4,2026-08-13,W2 Hourly,$60-75/hr,4.4,Available - On Bench,Consistently strong delivery feedback; low placement risk.
C-200,Dana,Stanton,Raleigh,NC,US Citizen,Yes,Remote Preferred,10,Scrum Master,Product Analyst,Sprint Planning|Team Metrics & Reporting|Dashboarding|UAT Planning|Scrum Facilitation|SAFe Program Execution|Workshop Facilitation|Impediment Removal|Cohort Analysis|Backlog Refinement|Conflict Resolution,Public Sector|Healthcare,PSM II|CSM,Bachelor's,Business Administration,,,Rally|Miro|Confluence,Azure DevOps Boards,,Facilitated ceremonies and removed cross-team impediments for a Public Sector platform release train.,"Senior Scrum Master with 10 years of experience across Public Sector, Healthcare. Facilitated ceremonies and removed cross-team impediments for a Public Sector platform release train. Core stack: Sprint Planning, Team Metrics & Reporting, Dashboarding, UAT Planning, Azure DevOps Boards. Certifications: PSM II, CSM. Comfortable in Agile delivery teams and client-facing environments.",3.2,3.6,3.0,4.6,2.7,2.2,2026-08-20,1099,$80-95/hr,4.6,Available - On Bench,Consistently strong delivery feedback; low placement risk.
C-201,Maria,Thackeray,Chicago,IL,US Citizen,No,Remote Preferred,2,Scrum Master,Business Analyst,Scrum Facilitation|Conflict Resolution|SAFe Program Execution|Sprint Planning|Team Metrics & Reporting,Public Sector,SAFe Scrum Master,PhD,Data Science,,,Jira|Miro,Azure DevOps Boards,,Stood up agile metrics and sprint reporting for a newly formed Public Sector product team.,"Junior Scrum Master with 2 years of experience across Public Sector. Stood up agile metrics and sprint reporting for a newly formed Public Sector product team. Core stack: Scrum Facilitation, Conflict Resolution, SAFe Program Execution, Sprint Planning, Azure DevOps Boards. Certifications: SAFe Scrum Master. Comfortable in Agile delivery teams and client-facing environments.",4.0,3.0,4.7,4.4,3.7,4.1,2026-08-24,W2 or C2C,$45-58/hr,,Available - On Bench,Recently certified; limited hands-on project depth so far - good for supervised roles.
C-202,Courtney,Sato,Atlanta,GA,US Citizen,No,Remote Only,5,Scrum Master,Product Analyst,Conflict Resolution|Team Metrics & Reporting|Impediment Removal|Sprint Planning|SAFe Program Execution|Dashboarding|Agile Coaching|Backlog Refinement,Retail|Logistics,PSM I,Bachelor's,Information Systems,,,Rally|Confluence|Miro,Azure DevOps Boards,,Stood up agile metrics and sprint reporting for a newly formed Logistics product team.,"Mid-level Scrum Master with 5 years of experience across Retail, Logistics. Stood up agile metrics and sprint reporting for a newly formed Logistics product team. Core stack: Conflict Resolution, Team Metrics & Reporting, Impediment Removal, Sprint Planning, Azure DevOps Boards. Certifications: PSM I. Comfortable in Agile delivery teams and client-facing environments.",4.0,4.7,3.2,3.9,3.8,4.4,2026-08-30,W2 or C2C,$60-75/hr,4.3,Available - On Bench,Excellent client presence and soft skills; pair with a technical anchor on complex builds.
C-203,Ahmed,Barros,Denver,CO,EAD - No Sponsorship Required,No,Hybrid,1,Scrum Master,Business Analyst,Sprint Planning|Roadmap Support|Team Metrics & Reporting|Agile Coaching|Backlog Refinement|Dashboarding,FinTech,PSM I|PMI-ACP|CSM,Bachelor's,Software Engineering,,,Miro|Rally,Azure DevOps Boards,,Coached two FinTech delivery squads through SAFe PI planning and cut carryover by 40%.,"Junior Scrum Master with 1 years of experience across FinTech. Coached two FinTech delivery squads through SAFe PI planning and cut carryover by 40%. Core stack: Sprint Planning, Roadmap Support, Team Metrics & Reporting, Agile Coaching, Azure DevOps Boards. Certifications: PSM I, PMI-ACP, CSM. Comfortable in Agile delivery teams and client-facing environments.",3.6,3.6,5.0,2.7,3.5,3.2,2026-09-05,W2 or C2C,$45-58/hr,4.5,Rolling Off Current Project,Consistently strong delivery feedback; low placement risk.
C-204,Tariq,Ferreira,Seattle,WA,US Citizen,No,Hybrid,10,Scrum Master,Business Analyst,Scrum Facilitation|Backlog Refinement|Sprint Planning|Team Metrics & Reporting|Impediment Removal|Cohort Analysis|SAFe Program Execution|Gap Analysis|Conflict Resolution|UAT Planning|Agile Coaching,Retail|Logistics|FinTech,PMI-ACP|PSM I,Bachelor's,Computer Science,,,Jira|Rally|Miro,Azure DevOps Boards,,Coached two FinTech delivery squads through SAFe PI planning and cut carryover by 40%.,"Senior Scrum Master with 10 years of experience across Retail, Logistics, FinTech. Coached two FinTech delivery squads through SAFe PI planning and cut carryover by 40%. Core stack: Scrum Facilitation, Backlog Refinement, Sprint Planning, Team Metrics & Reporting, Azure DevOps Boards. Certifications: PMI-ACP, PSM I. Comfortable in Agile delivery teams and client-facing environments.",4.1,4.5,3.6,4.7,3.6,4.3,2026-08-26,1099,$80-95/hr,,Available - On Bench,Excellent client presence and soft skills; pair with a technical anchor on complex builds.
C-205,Megan,Quintero,Charlotte,NC,US Citizen,No,Hybrid,10,Scrum Master,Business Analyst,Agile Coaching|Impediment Removal|Data Analysis|SAFe Program Execution|Backlog Refinement|Team Metrics & Reporting|Conflict Resolution|Sprint Planning|Scrum Facilitation,Logistics|Telecom|Manufacturing,PSM I|PSM II,Bachelor's,Information Systems,,,Rally|Jira|Miro,Azure DevOps Boards,,Facilitated ceremonies and removed cross-team impediments for a Telecom platform release train.,"Senior Scrum Master with 10 years of experience across Logistics, Telecom, Manufacturing. Facilitated ceremonies and removed cross-team impediments for a Telecom platform release train. Core stack: Agile Coaching, Impediment Removal, Data Analysis, SAFe Program Execution, Azure DevOps Boards. Certifications: PSM I, PSM II. Comfortable in Agile delivery teams and client-facing environments.",3.7,3.5,3.3,3.0,4.5,4.0,2026-08-15,W2 Hourly,$80-95/hr,3.9,Available - On Bench,Consistently strong delivery feedback; low placement risk.
C-206,Hannah,Holloway,Nashville,TN,US Permanent Resident (Green Card),No,Remote Preferred,7,Scrum Master,Business Analyst,Conflict Resolution|Agile Coaching|Backlog Refinement|Workshop Facilitation|Sprint Planning|Impediment Removal|Dashboarding,Energy|Manufacturing,CSM,Master's,Data Science,,,Jira|Confluence,Azure DevOps Boards,,Stood up agile metrics and sprint reporting for a newly formed Manufacturing product team.,"Mid-level Scrum Master with 7 years of experience across Energy. Stood up agile metrics and sprint reporting for a newly formed Manufacturing product team. Core stack: Conflict Resolution, Agile Coaching, Backlog Refinement, Workshop Facilitation, Azure DevOps Boards. Certifications: CSM. Comfortable in Agile delivery teams and client-facing environments.",3.3,3.2,2.7,3.9,4.6,2.2,2026-08-27,W2 or C2C,$60-75/hr,4.3,Available - On Bench,Reliable delivery record on recent engagements.
C-207,Courtney,Rowan,Tampa,FL,US Citizen,Yes,Onsite OK,9,Scrum Master,Product Analyst,Agile Coaching|Conflict Resolution|Requirements Elicitation|Team Metrics & Reporting|Scrum Facilitation|Dashboarding|Data Analysis|Sprint Planning|SAFe Program Execution|Impediment Removal|Backlog Refinement,FinTech|Insurance,PSM I,Bachelor's,Organizational Leadership,,,Jira|Miro|Confluence,Azure DevOps Boards,,Coached two Insurance delivery squads through SAFe PI planning and cut carryover by 40%.,"Senior Scrum Master with 9 years of experience across FinTech, Insurance. Coached two Insurance delivery squads through SAFe PI planning and cut carryover by 40%. Core stack: Agile Coaching, Conflict Resolution, Requirements Elicitation, Team Metrics & Reporting, Azure DevOps Boards. Certifications: PSM I. Comfortable in Agile delivery teams and client-facing environments.",3.8,2.3,3.9,4.7,4.9,3.2,2026-09-30,C2C,$80-95/hr,4.6,Rolling Off Current Project,Deep technical strength; coach on client-facing communication before interviews.
C-208,Nicole,Ferreira,Charlotte,NC,US Citizen,No,Onsite OK,1,Scrum Master,Business Analyst,Backlog Refinement|Workshop Facilitation|Agile Coaching|SAFe Program Execution|Impediment Removal|Scrum Facilitation,Public Sector,PSM I|CSM,Associate,Computer Science,,,Miro|Rally,Azure DevOps Boards,,Coached two Public Sector delivery squads through SAFe PI planning and cut carryover by 40%.,"Junior Scrum Master with 1 years of experience across Public Sector. Coached two Public Sector delivery squads through SAFe PI planning and cut carryover by 40%. Core stack: Backlog Refinement, Workshop Facilitation, Agile Coaching, SAFe Program Execution, Azure DevOps Boards. Certifications: PSM I, CSM. Comfortable in Agile delivery teams and client-facing environments.",3.6,3.4,4.9,2.8,3.4,3.3,2026-08-30,1099,$45-58/hr,3.7,Available - On Bench,Recently certified; limited hands-on project depth so far - good for supervised roles.
C-209,Dana,Adeyemi,Atlanta,GA,US Citizen,Yes,Hybrid,12,Product Analyst,Business Analyst,User Research|Cohort Analysis|Requirements Elicitation|User Story Writing|Dashboarding|Funnel Analysis|Product Metrics|A/B Testing|Roadmap Support|Gap Analysis|UAT Planning,Logistics|Retail,,Bachelor's,Business Administration,Python,,Google Analytics|Amplitude|Mixpanel|Power BI,Jira,,Built self-serve dashboards in Looker for a Logistics growth team and defined north-star metrics.,"Senior Product Analyst with 12 years of experience across Logistics, Retail. Built self-serve dashboards in Looker for a Logistics growth team and defined north-star metrics. Core stack: User Research, Cohort Analysis, Requirements Elicitation, User Story Writing, Python, Jira. No formal certifications listed. Comfortable in Agile delivery teams and client-facing environments.",3.4,3.9,3.0,4.7,3.0,2.2,2026-09-28,W2 Hourly,$75-90/hr,4.9,Rolling Off Current Project,Reliable delivery record on recent engagements.
C-210,Diego,Okafor,Seattle,WA,EAD - No Sponsorship Required,No,Remote Preferred,7,Product Analyst,Business Analyst,Funnel Analysis|Roadmap Support|Cohort Analysis|User Research|Dashboarding|Requirements Elicitation|Product Metrics|Wireframing|A/B Testing,Retail|Logistics,,Bachelor's,Data Science,Python|SQL,,Power BI|Looker,Jira,,Analyzed cohort retention for a Logistics subscription product and quantified churn drivers.,"Mid-level Product Analyst with 7 years of experience across Retail, Logistics. Analyzed cohort retention for a Logistics subscription product and quantified churn drivers. Core stack: Funnel Analysis, Roadmap Support, Cohort Analysis, User Research, Python, SQL, Jira. No formal certifications listed. Comfortable in Agile delivery teams and client-facing environments.",3.5,3.6,4.1,3.4,3.1,3.2,2026-08-11,C2C,$58-72/hr,,Available - On Bench,Consistently strong delivery feedback; low placement risk.
C-211,Diego,Marsh,Tampa,FL,US Citizen,No,Remote Preferred,2,Product Analyst,Business Analyst,Gap Analysis|Requirements Elicitation|User Research|Workshop Facilitation|Roadmap Support,Public Sector,Pragmatic Marketing Certified (PMC),Bachelor's,Information Systems,Python,,Google Analytics|Tableau,Jira,,Analyzed cohort retention for a Public Sector subscription product and quantified churn drivers.,"Junior Product Analyst with 2 years of experience across Public Sector. Analyzed cohort retention for a Public Sector subscription product and quantified churn drivers. Core stack: Gap Analysis, Requirements Elicitation, User Research, Workshop Facilitation, Python, Jira. Certifications: Pragmatic Marketing Certified (PMC). Comfortable in Agile delivery teams and client-facing environments.",3.8,2.9,3.1,4.1,4.5,4.2,2026-08-31,1099,$42-55/hr,3.9,Available - On Bench,Recently certified; limited hands-on project depth so far - good for supervised roles.
C-212,Sarah,Radcliffe,Atlanta,GA,H-1B - Employer Sponsorship/Transfer Required,No,Hybrid,9,Product Analyst,Business Analyst,Requirements Elicitation|A/B Testing|User Research|Funnel Analysis|Cohort Analysis|UAT Planning|Process Mapping|Wireframing|Product Metrics|Dashboarding|Roadmap Support,Public Sector|Healthcare,Pragmatic Marketing Certified (PMC),Master's,Information Systems,SQL|Python,,Looker|Power BI,Jira,,"Ran A/B tests and funnel analysis for a Healthcare mobile app, informing 3 roadmap pivots.","Senior Product Analyst with 9 years of experience across Public Sector. Ran A/B tests and funnel analysis for a Healthcare mobile app, informing 3 roadmap pivots. Core stack: Requirements Elicitation, A/B Testing, User Research, Funnel Analysis, SQL, Python, Jira. Certifications: Pragmatic Marketing Certified (PMC). Comfortable in Agile delivery teams and client-facing environments.",3.9,4.5,3.6,2.7,3.9,4.7,2026-08-29,1099,$75-90/hr,3.6,Available - On Bench,Excellent client presence and soft skills; pair with a technical anchor on complex builds.
C-213,Melissa,Whitmore,Richmond,VA,US Citizen,No,Remote Preferred,8,Product Analyst,Business Analyst,User Research|Requirements Elicitation|Roadmap Support|Wireframing|Cohort Analysis|Product Metrics|Dashboarding|Funnel Analysis,Logistics|Retail,Pragmatic Marketing Certified (PMC)|Google Analytics IQ,Bachelor's,Computer Science,Python|SQL,,Excel|Looker|Google Analytics,Jira,,Analyzed cohort retention for a Retail subscription product and quantified churn drivers.,"Mid-level Product Analyst with 8 years of experience across Logistics, Retail. Analyzed cohort retention for a Retail subscription product and quantified churn drivers. Core stack: User Research, Requirements Elicitation, Roadmap Support, Wireframing, Python, SQL, Jira. Certifications: Pragmatic Marketing Certified (PMC), Google Analytics IQ. Comfortable in Agile delivery teams and client-facing environments.",4.1,4.7,4.5,2.7,5.0,3.4,2026-09-05,W2 Hourly,$58-72/hr,4.4,Rolling Off Current Project,Reliable delivery record on recent engagements.
C-214,Vanessa,Castellano,Portland,OR,US Permanent Resident (Green Card),No,Remote Preferred,12,Product Analyst,Business Analyst,Funnel Analysis|UAT Planning|Requirements Elicitation|Roadmap Support|A/B Testing|User Research|Dashboarding|Cohort Analysis|Gap Analysis|User Story Writing,Retail|Logistics,CSPO|Google Analytics IQ,Master's,Software Engineering,SQL|Python,,Google Analytics|Excel,Jira,,Analyzed cohort retention for a Retail subscription product and quantified churn drivers.,PRODUCT ANALYST - 12+ yrs. funnel analysis / uat planning / requirements elicitation / workshop facilitation / sql / jira. refs avail on request. see attached doc (missing).,4.0,3.1,3.8,4.9,3.4,4.7,2026-10-01,W2 Hourly,$75-90/hr,,Rolling Off Current Project,Profile incomplete - awaiting updated resume and assessment results from consultant.
C-215,Tomas,Sato,Hartford,CT,US Citizen,Yes,Hybrid,8,Product Analyst,Business Analyst,Requirements Elicitation|A/B Testing|User Research|Process Mapping|Dashboarding|Roadmap Support|Wireframing|Workshop Facilitation|Product Metrics,Insurance|FinTech,,Associate,Computer Science,SQL,,Google Analytics|Tableau|Amplitude|Power BI,Jira,,Built self-serve dashboards in Looker for a FinTech growth team and defined north-star metrics.,"Mid-level Product Analyst with 8 years of experience across FinTech. Built self-serve dashboards in Looker for a FinTech growth team and defined north-star metrics. Core stack: Requirements Elicitation, A/B Testing, User Research, Process Mapping, SQL, Jira. No formal certifications listed. Comfortable in Agile delivery teams and client-facing environments.",3.9,3.5,4.4,4.2,2.7,4.5,2026-08-15,W2 Hourly,$58-72/hr,4.8,Available - On Bench,Reliable delivery record on recent engagements.
C-216,Roberto,Rosales,Denver,CO,US Citizen,No,Remote Preferred,11,Product Analyst,Business Analyst,User Research|Roadmap Support|Workshop Facilitation|Cohort Analysis|Gap Analysis|Funnel Analysis|User Story Writing|UAT Planning|A/B Testing,Retail|Logistics|Energy,CSPO|Google Analytics IQ,Bachelor's,Business Administration,SQL|Python,,Tableau|Power BI|Excel,Jira,,Built self-serve dashboards in Looker for a Retail growth team and defined north-star metrics.,"Senior Product Analyst with 11 years of experience across Retail, Logistics, Energy. Built self-serve dashboards in Looker for a Retail growth team and defined north-star metrics. Core stack: User Research, Roadmap Support, Workshop Facilitation, Cohort Analysis, SQL, Python, Jira. Certifications: CSPO, Google Analytics IQ. Comfortable in Agile delivery teams and client-facing environments.",3.8,4.6,3.3,4.2,3.2,3.6,2026-09-22,W2 Hourly,$75-90/hr,4.9,Rolling Off Current Project,Reliable delivery record on recent engagements.
C-217,Yuki,Winslow,Columbus,OH,US Citizen,Yes,Onsite OK,2,Product Analyst,Business Analyst,A/B Testing|Wireframing|Requirements Elicitation|Dashboarding|UAT Planning|Cohort Analysis,Logistics,CSPO,Bachelor's,Information Systems,SQL|Python,,Power BI|Mixpanel,Jira,,Analyzed cohort retention for a Logistics subscription product and quantified churn drivers.,"Junior Product Analyst with 2 years of experience across Logistics. Analyzed cohort retention for a Logistics subscription product and quantified churn drivers. Core stack: A/B Testing, Wireframing, Requirements Elicitation, Dashboarding, SQL, Python, Jira. Certifications: CSPO. Comfortable in Agile delivery teams and client-facing environments.",3.6,3.2,3.5,4.4,3.9,3.0,2026-11-04,W2 Hourly,$42-55/hr,3.7,On Project,Reliable delivery record on recent engagements.
C-218,Ahmed,Nakamura,Boston,MA,EAD - No Sponsorship Required,No,Onsite OK,1,Product Analyst,Business Analyst,User Research|Funnel Analysis|UAT Planning|Roadmap Support|Product Metrics|Cohort Analysis,Retail,Google Analytics IQ|CSPO,Associate,Computer Science,Python|SQL,,Google Analytics|Power BI,Jira,,Built self-serve dashboards in Looker for a Retail growth team and defined north-star metrics.,"Junior Product Analyst with 1 years of experience across Retail. Built self-serve dashboards in Looker for a Retail growth team and defined north-star metrics. Core stack: User Research, Funnel Analysis, UAT Planning, Roadmap Support, Python, SQL, Jira. Certifications: Google Analytics IQ, CSPO. Comfortable in Agile delivery teams and client-facing environments.",4.0,3.5,3.7,3.3,4.9,4.7,2026-09-14,W2 Hourly,$42-55/hr,4.9,Rolling Off Current Project,Consistently strong delivery feedback; low placement risk.
C-219,Ravi,Sandoval,Chicago,IL,US Permanent Resident (Green Card),No,Remote Only,3,Product Analyst,Business Analyst,Funnel Analysis|A/B Testing|Roadmap Support|User Research|Requirements Elicitation,Public Sector,CSPO,Bachelor's,Information Technology,Python|SQL,,Excel|Amplitude|Mixpanel|Power BI,Jira,,"Ran A/B tests and funnel analysis for a Public Sector mobile app, informing 3 roadmap pivots.","Junior Product Analyst with 3 years of experience across Public Sector. Ran A/B tests and funnel analysis for a Public Sector mobile app, informing 3 roadmap pivots. Core stack: Funnel Analysis, A/B Testing, Roadmap Support, User Research, Python, SQL, Jira. Certifications: CSPO. Comfortable in Agile delivery teams and client-facing environments.",3.4,2.0,3.6,4.1,3.4,3.7,2026-09-13,W2 Hourly,$42-55/hr,3.7,Rolling Off Current Project,Deep technical strength; coach on client-facing communication before interviews.
C-220,Ravi,Stanton,Columbus,OH,US Citizen,Yes,Remote Only,6,Product Analyst,Business Analyst,Requirements Elicitation|Dashboarding|User Research|Roadmap Support|Workshop Facilitation|Funnel Analysis|Cohort Analysis|Product Metrics,Public Sector|Healthcare,,Bachelor's,Computer Science,Python|SQL,,Amplitude|Looker|Power BI,Jira,,"Ran A/B tests and funnel analysis for a Healthcare mobile app, informing 3 roadmap pivots.","Mid-level Product Analyst with 6 years of experience across Public Sector, Healthcare. Ran A/B tests and funnel analysis for a Healthcare mobile app, informing 3 roadmap pivots. Core stack: Requirements Elicitation, Dashboarding, User Research, Roadmap Support, Python, SQL, Jira. No formal certifications listed. Comfortable in Agile delivery teams and client-facing environments.",3.8,4.1,3.3,3.5,4.2,4.0,2026-08-25,1099,$58-72/hr,4.5,Available - On Bench,Reliable delivery record on recent engagements.
C-221,Amara,Kaminski,Des Moines,IA,US Permanent Resident (Green Card),Yes,Hybrid,1,Product Analyst,Business Analyst,A/B Testing|User Research|Dashboarding|Product Metrics|Cohort Analysis|Roadmap Support,Energy,,Bachelor's,Software Engineering,SQL|Python,,Google Analytics|Amplitude|Excel|Looker,Jira,,"Ran A/B tests and funnel analysis for a Energy mobile app, informing 3 roadmap pivots.","Junior Product Analyst with 1 years of experience across Energy. Ran A/B tests and funnel analysis for a Energy mobile app, informing 3 roadmap pivots. Core stack: A/B Testing, User Research, Dashboarding, Product Metrics, SQL, Python, Jira. No formal certifications listed. Comfortable in Agile delivery teams and client-facing environments.",4.2,4.8,4.8,3.4,4.7,3.1,2026-09-15,W2 Hourly,$42-55/hr,4.5,Rolling Off Current Project,Excellent client presence and soft skills; pair with a technical anchor on complex builds.
C-222,Amara,Sandoval,Austin,TX,US Citizen,Yes,Onsite OK,6,Product Analyst,Business Analyst,User Research|Cohort Analysis|Roadmap Support|Funnel Analysis|Product Metrics|Requirements Elicitation|Dashboarding|Workshop Facilitation,Public Sector|Healthcare,Google Analytics IQ,Master's,Software Engineering,SQL,,Google Analytics|Mixpanel,Jira,,Analyzed cohort retention for a Public Sector subscription product and quantified churn drivers.,"Mid-level Product Analyst with 6 years of experience across Public Sector, Healthcare. Analyzed cohort retention for a Public Sector subscription product and quantified churn drivers. Core stack: User Research, Cohort Analysis, Roadmap Support, Funnel Analysis, SQL, Jira. Certifications: Google Analytics IQ. Comfortable in Agile delivery teams and client-facing environments.",3.6,3.1,4.9,4.0,3.7,2.3,2026-10-01,1099,$58-72/hr,3.9,Rolling Off Current Project,Consistently strong delivery feedback; low placement risk.
C-223,James,Mbeki,Nashville,TN,US Citizen,No,Hybrid,2,Product Analyst,Business Analyst,Roadmap Support|A/B Testing|Requirements Elicitation|Cohort Analysis|User Research|User Story Writing,FinTech,,Bachelor's,Information Systems,SQL|Python,,Excel|Power BI,Jira,,"Ran A/B tests and funnel analysis for a FinTech mobile app, informing 3 roadmap pivots.","resume v3 FINAL - James - roadmap support / a/b testing / requirements elicitation / workshop facilitation / sql / jira - worked fintech clients, dates tbc",3.9,3.7,3.9,3.9,3.8,4.4,2026-08-27,W2 Hourly,$42-55/hr,,Available - On Bench,Profile incomplete - awaiting updated resume and assessment results from consultant.
C-224,Sanjay,Sherwood,Des Moines,IA,H-1B - Employer Sponsorship/Transfer Required,No,Hybrid,6,Product Analyst,Business Analyst,Requirements Elicitation|Funnel Analysis|Dashboarding|Roadmap Support|A/B Testing|Wireframing|User Research|Gap Analysis,Retail|Logistics,,Bachelor's,Organizational Leadership,SQL,,Power BI|Amplitude,Jira,,Analyzed cohort retention for a Retail subscription product and quantified churn drivers.,"Mid-level Product Analyst with 6 years of experience across Retail, Logistics. Analyzed cohort retention for a Retail subscription product and quantified churn drivers. Core stack: Requirements Elicitation, Funnel Analysis, Dashboarding, Roadmap Support, SQL, Jira. No formal certifications listed. Comfortable in Agile delivery teams and client-facing environments.",3.2,1.9,3.6,3.6,4.0,2.7,2026-09-28,C2C,$58-72/hr,,Rolling Off Current Project,Deep technical strength; coach on client-facing communication before interviews.
C-225,Courtney,Quintero,Portland,OR,TN Visa - No Sponsorship Required,No,Remote Preferred,3,Software Developer in Test,Quality Assurance Analyst,BDD|Node.js|CI Integration|UI Automation|Contract Testing|Test Automation Framework Design,Telecom,AWS Developer Associate,Master's,Software Engineering,C#|Java|TypeScript,AWS,Jira,GitLab CI|GitHub Actions,Cypress|k6|Playwright,"Automated regression for a Telecom release pipeline, cutting manual cycle time from 5 days to 1.","Junior Software Developer in Test with 3 years of experience across Telecom. Automated regression for a Telecom release pipeline, cutting manual cycle time from 5 days to 1. Core stack: BDD, Node.js, CI Integration, UI Automation, C#, Java, AWS, GitLab CI, GitHub Actions, Cypress. Certifications: AWS Developer Associate. Comfortable in Agile delivery teams and client-facing environments.",3.6,3.3,3.5,4.4,2.8,4.2,2026-09-24,W2 Hourly,$48-60/hr,4.3,Rolling Off Current Project,Recently certified; limited hands-on project depth so far - good for supervised roles.
C-226,Hannah,Grimes,Chicago,IL,US Citizen,Yes,Flexible,10,Software Developer in Test,Full Stack Developer,Regression Testing|UI Automation|Node.js|API Automation|Performance Testing|BDD|Test Automation Framework Design|React|Test Case Design,Healthcare|Banking,AWS Developer Associate|ISTQB Advanced Test Automation Engineer|ISTQB Foundation,Bachelor's,Statistics,C#|TypeScript,AWS,Jira,Jenkins|GitHub Actions|Docker,Appium|Cucumber|Cypress,Built RestAssured API suites and performance baselines (JMeter) for a Banking services layer.,"Senior Software Developer in Test with 10 years of experience across Healthcare, Banking. Built RestAssured API suites and performance baselines (JMeter) for a Banking services layer. Core stack: Regression Testing, UI Automation, Node.js, API Automation, C#, TypeScript, AWS, Jenkins, GitHub Actions, Appium. Certifications: AWS Developer Associate, ISTQB Advanced Test Automation Engineer, ISTQB Foundation. Comfortable in Agile delivery teams and client-facing environments.",3.9,4.6,4.4,4.6,2.7,3.3,2026-09-14,W2 Salaried (FTE conversion open),$85-100/hr,4.3,Rolling Off Current Project,Reliable delivery record on recent engagements.
C-227,Kwame,Mensah,Milwaukee,WI,H-1B - Employer Sponsorship/Transfer Required,No,Remote Preferred,5,Software Developer in Test,Full Stack Developer,Contract Testing|Test Automation Framework Design|Mobile Test Automation|Performance Testing|UI Automation|CI Integration,Healthcare|Telecom,AWS Developer Associate,Bachelor's,Information Systems,Python|JavaScript|TypeScript,AWS,Jira,GitLab CI|Docker,k6|Selenium,Designed a Playwright/TypeScript automation framework with CI integration for a Healthcare web platform.,"Mid-level Software Developer in Test with 5 years of experience across Healthcare. Designed a Playwright/TypeScript automation framework with CI integration for a Healthcare web platform. Core stack: Contract Testing, Test Automation Framework Design, Mobile Test Automation, Performance Testing, Python, JavaScript, AWS, GitLab CI, Docker, k6. Certifications: AWS Developer Associate. Comfortable in Agile delivery teams and client-facing environments.",4.3,4.6,3.8,4.5,4.3,4.5,2026-09-17,1099,$65-80/hr,4.2,Rolling Off Current Project,Consistently strong delivery feedback; low placement risk.
C-228,Courtney,Vega,Columbus,OH,US Citizen,No,Hybrid,2,Software Developer in Test,Full Stack Developer,Mobile Test Automation|API Automation|UI Automation|Contract Testing|CI Integration|Test Automation Framework Design,Healthcare,ISTQB Advanced Test Automation Engineer,Bachelor's,Information Systems,C#|TypeScript|Python,AWS,Jira,Docker|GitLab CI,JMeter|TestNG|k6|Appium,Built RestAssured API suites and performance baselines (JMeter) for a Healthcare services layer.,"Junior Software Developer in Test with 2 years of experience across Healthcare. Built RestAssured API suites and performance baselines (JMeter) for a Healthcare services layer. Core stack: Mobile Test Automation, API Automation, UI Automation, Contract Testing, C#, TypeScript, AWS, Docker, GitLab CI, JMeter. Certifications: ISTQB Advanced Test Automation Engineer. Comfortable in Agile delivery teams and client-facing environments.",3.7,1.9,3.7,3.5,4.9,4.4,2026-08-31,W2 or C2C,$48-60/hr,4.0,Notice Period,Deep technical strength; coach on client-facing communication before interviews.
C-229,Deepak,Okonkwo,Portland,OR,US Citizen,No,Remote Preferred,1,Software Developer in Test,Full Stack Developer,Mobile Test Automation|BDD|Contract Testing|Node.js|UI Automation,Healthcare,AWS Developer Associate,PhD,Data Science,Java|Python|TypeScript,AWS,Jira,GitHub Actions|Docker|Jenkins|GitLab CI,Cypress|Cucumber|Appium,Built RestAssured API suites and performance baselines (JMeter) for a Healthcare services layer.,"Junior Software Developer in Test with 1 years of experience across Healthcare. Built RestAssured API suites and performance baselines (JMeter) for a Healthcare services layer. Core stack: Mobile Test Automation, BDD, Contract Testing, Node.js, Java, Python, AWS, GitHub Actions, Docker, Cypress. Certifications: AWS Developer Associate. Comfortable in Agile delivery teams and client-facing environments.",3.5,3.5,3.2,2.9,4.5,3.5,2026-08-12,1099,$48-60/hr,3.4,Available - On Bench,Recently certified; limited hands-on project depth so far - good for supervised roles.
C-230,Yuki,Byrne,Nashville,TN,US Citizen,No,Hybrid,4,Software Developer in Test,Full Stack Developer,React|Performance Testing|Contract Testing|BDD|Mobile Test Automation|Test Automation Framework Design,Banking,AWS Developer Associate,Bachelor's,Data Science,TypeScript,AWS,Jira,GitLab CI|GitHub Actions,Appium|TestNG,Designed a Playwright/TypeScript automation framework with CI integration for a Banking web platform.,"Mid-level Software Developer in Test with 4 years of experience across Banking. Designed a Playwright/TypeScript automation framework with CI integration for a Banking web platform. Core stack: React, Performance Testing, Contract Testing, BDD, TypeScript, AWS, GitLab CI, GitHub Actions, Appium. Certifications: AWS Developer Associate. Comfortable in Agile delivery teams and client-facing environments.",3.1,3.0,3.6,3.2,3.6,2.1,2026-08-14,W2 Salaried (FTE conversion open),$65-80/hr,4.4,Available - On Bench,Consistently strong delivery feedback; low placement risk.
C-231,Emily,Okonkwo,San Diego,CA,US Citizen,No,Hybrid,11,Software Developer in Test,Quality Assurance Analyst,BDD|Test Automation Framework Design|CI Integration|Node.js|Mobile Test Automation|Test Case Design|Contract Testing|Performance Testing|API Automation|UI Automation|Test Data Management,Banking|Logistics|Energy,ISTQB Advanced Test Automation Engineer,Bachelor's,Computer Engineering,TypeScript,AWS,Jira,Jenkins|GitLab CI,Appium|TestNG|Cypress|JMeter,Built RestAssured API suites and performance baselines (JMeter) for a Energy services layer.,"Senior Software Developer in Test with 11 years of experience across Banking, Logistics, Energy. Built RestAssured API suites and performance baselines (JMeter) for a Energy services layer. Core stack: BDD, Test Automation Framework Design, CI Integration, Node.js, TypeScript, AWS, Jenkins, GitLab CI, Appium. Certifications: ISTQB Advanced Test Automation Engineer. Comfortable in Agile delivery teams and client-facing environments.",3.5,3.8,4.1,4.6,2.8,2.2,2026-08-26,1099,$85-100/hr,4.8,Available - On Bench,Reliable delivery record on recent engagements.
C-232,Dmitri,Sorensen,Minneapolis,MN,US Citizen,No,Onsite OK,8,Software Developer in Test,Full Stack Developer,Node.js|Contract Testing|Mobile Test Automation|React|API Automation|CI Integration,Manufacturing|Energy,AWS Developer Associate,Bachelor's,Computer Science,Java|C#,AWS,Jira,GitHub Actions|Docker|GitLab CI|Jenkins,Appium|RestAssured|TestNG|Selenium,"Automated regression for a Energy release pipeline, cutting manual cycle time from 5 days to 1.","Mid-level Software Developer in Test with 8 years of experience across Manufacturing, Energy. Automated regression for a Energy release pipeline, cutting manual cycle time from 5 days to 1. Core stack: Node.js, Contract Testing, Mobile Test Automation, React, Java, C#, AWS, GitHub Actions, Docker, Appium. Certifications: AWS Developer Associate. Comfortable in Agile delivery teams and client-facing environments.",4.0,4.5,4.3,3.5,4.2,3.7,2026-09-20,W2 Hourly,$65-80/hr,4.4,Rolling Off Current Project,Excellent client presence and soft skills; pair with a technical anchor on complex builds.
C-233,Lukas,Dominguez,Chicago,IL,US Citizen,No,Onsite OK,2,Software Developer in Test,Full Stack Developer,CI Integration|API Automation|Contract Testing|Mobile Test Automation|UI Automation,Healthcare,ISTQB Advanced Test Automation Engineer|AWS Developer Associate|ISTQB Foundation,Master's,Computer Science,TypeScript,AWS,Jira,Docker|GitLab CI,Cucumber|Appium|k6|TestNG,Built RestAssured API suites and performance baselines (JMeter) for a Healthcare services layer.,"Junior Software Developer in Test with 2 years of experience across Healthcare. Built RestAssured API suites and performance baselines (JMeter) for a Healthcare services layer. Core stack: CI Integration, API Automation, Contract Testing, Mobile Test Automation, TypeScript, AWS, Docker, GitLab CI, Cucumber. Certifications: ISTQB Advanced Test Automation Engineer, AWS Developer Associate, ISTQB Foundation. Comfortable in Agile delivery teams and client-facing environments.",4.4,4.7,4.4,4.4,4.7,4.0,2026-09-11,1099,$48-60/hr,,Rolling Off Current Project,Reliable delivery record on recent engagements.
C-234,Hannah,Vega,Milwaukee,WI,US Citizen,No,Hybrid,2,Software Developer in Test,Quality Assurance Analyst,CI Integration|Mobile Test Automation|UI Automation|BDD|Regression Testing,Banking,AWS Developer Associate,Master's,Computer Engineering,TypeScript|Python,AWS,Jira,Jenkins|GitLab CI,k6|Appium|Cypress|JMeter,Built RestAssured API suites and performance baselines (JMeter) for a Banking services layer.,ci integration / mobile test automation / ui automation / typescript / jenkins ; 2 yrs exp ; open to hybrid ; rate negotiable,,,,,,,2026-09-04,1099,$48-60/hr,,Rolling Off Current Project,Profile incomplete - awaiting updated resume and assessment results from consultant.
C-235,Olivia,Ferro,Milwaukee,WI,EAD - No Sponsorship Required,Yes,Onsite OK,5,Software Developer in Test,Quality Assurance Analyst,UI Automation|API Automation|Performance Testing|CI Integration|Mobile Test Automation|Test Automation Framework Design|Accessibility Testing|Database Design|Node.js,Telecom|Logistics,AWS Developer Associate,Master's,Computer Science,Java,AWS,Jira,GitLab CI|Jenkins|Docker,Cypress|TestNG,Designed a Playwright/TypeScript automation framework with CI integration for a Logistics web platform.,"Mid-level Software Developer in Test with 5 years of experience across Telecom, Logistics. Designed a Playwright/TypeScript automation framework with CI integration for a Logistics web platform. Core stack: UI Automation, API Automation, Performance Testing, CI Integration, Java, AWS, GitLab CI, Jenkins, Cypress. Certifications: AWS Developer Associate. Comfortable in Agile delivery teams and client-facing environments.",4.1,4.9,3.0,4.5,4.6,3.4,2026-08-16,W2 Hourly,$65-80/hr,,Available - On Bench,Excellent client presence and soft skills; pair with a technical anchor on complex builds.
C-236,Mateo,Winslow,Phoenix,AZ,US Citizen,No,Remote Preferred,4,Software Developer in Test,Quality Assurance Analyst,Test Automation Framework Design|CI Integration|Test Case Design|Mobile Test Automation|API Automation|UI Automation,Healthcare,ISTQB Foundation|ISTQB Advanced Test Automation Engineer,Bachelor's,Data Science,TypeScript|Java|C#,AWS,Jira,GitHub Actions|GitLab CI|Jenkins,RestAssured|Appium,Built RestAssured API suites and performance baselines (JMeter) for a Healthcare services layer.,"Mid-level Software Developer in Test with 4 years of experience across Healthcare. Built RestAssured API suites and performance baselines (JMeter) for a Healthcare services layer. Core stack: Test Automation Framework Design, CI Integration, Test Case Design, Mobile Test Automation, TypeScript, Java, AWS, GitHub Actions, GitLab CI, RestAssured. Certifications: ISTQB Foundation, ISTQB Advanced Test Automation Engineer. Comfortable in Agile delivery teams and client-facing environments.",3.9,3.8,3.0,4.2,4.1,4.5,2026-09-20,1099,$65-80/hr,4.0,Rolling Off Current Project,Consistently strong delivery feedback; low placement risk.
C-237,Kwame,Beaumont,Des Moines,IA,EAD - No Sponsorship Required,No,Hybrid,4,Software Developer in Test,Full Stack Developer,UI Automation|Mobile Test Automation|CI Integration|BDD|Test Automation Framework Design|Contract Testing|Test Planning|React|Accessibility Testing,Telecom|Logistics,AWS Developer Associate,Master's,Information Systems,C#|JavaScript|Java,AWS,Jira,GitLab CI|Jenkins|Docker|GitHub Actions,Cucumber|Selenium|TestNG|RestAssured,Designed a Playwright/TypeScript automation framework with CI integration for a Telecom web platform.,SOFTWARE DEVELOPER IN TEST - 4+ yrs. ui automation / mobile test automation / ci integration / c# / gitlab ci. refs avail on request. see attached doc (missing).,,,,,,,2026-08-12,W2 Hourly,$65-80/hr,,Available - On Bench,Profile incomplete - awaiting updated resume and assessment results from consultant.
C-238,Paige,Whitmore,Minneapolis,MN,US Citizen,Yes,Onsite OK,15,Software Developer in Test,Full Stack Developer,API Automation|UI Automation|Node.js|BDD|Test Case Design|CI Integration|Accessibility Testing|Test Automation Framework Design|Regression Testing,Banking|Insurance,AWS Developer Associate,Bachelor's,Information Systems,TypeScript|Java,AWS,Jira,GitHub Actions|Docker,Appium|Cypress,Built RestAssured API suites and performance baselines (JMeter) for a Insurance services layer.,"Senior Software Developer in Test with 15 years of experience across Banking, Insurance. Built RestAssured API suites and performance baselines (JMeter) for a Insurance services layer. Core stack: API Automation, UI Automation, Node.js, BDD, TypeScript, Java, AWS, GitHub Actions, Docker, Appium. Certifications: AWS Developer Associate. Comfortable in Agile delivery teams and client-facing environments.",3.4,4.6,3.5,3.0,3.4,2.6,2026-09-24,W2 Salaried (FTE conversion open),$85-100/hr,4.7,Rolling Off Current Project,Reliable delivery record on recent engagements.
C-239,Dana,Holloway,Seattle,WA,US Citizen,No,Hybrid,2,Software Developer in Test,Full Stack Developer,API Automation|BDD|Performance Testing|CI Integration|Mobile Test Automation,Energy,ISTQB Advanced Test Automation Engineer,Bachelor's,Business Administration,C#|Python,AWS,Jira,GitHub Actions|GitLab CI,Playwright|TestNG|Cypress,Designed a Playwright/TypeScript automation framework with CI integration for a Energy web platform.,"Junior Software Developer in Test with 2 years of experience across Energy. Designed a Playwright/TypeScript automation framework with CI integration for a Energy web platform. Core stack: API Automation, BDD, Performance Testing, CI Integration, C#, Python, AWS, GitHub Actions, GitLab CI, Playwright. Certifications: ISTQB Advanced Test Automation Engineer. Comfortable in Agile delivery teams and client-facing environments.",3.6,4.5,3.4,4.0,3.6,2.7,2026-08-16,W2 Hourly,$48-60/hr,,Available - On Bench,Consistently strong delivery feedback; low placement risk.
C-240,Tariq,Marsh,Chicago,IL,US Permanent Resident (Green Card),Yes,Flexible,9,Software Developer in Test,Full Stack Developer,BDD|Contract Testing|API Automation|Database Design|UI Automation|Accessibility Testing|CI Integration|Exploratory Testing|Mobile Test Automation|Test Automation Framework Design,Banking|Healthcare,,Bachelor's,Data Science,C#,AWS,Jira,Docker|GitHub Actions,Appium|Playwright,Designed a Playwright/TypeScript automation framework with CI integration for a Banking web platform.,"Senior Software Developer in Test with 9 years of experience across Banking, Healthcare. Designed a Playwright/TypeScript automation framework with CI integration for a Banking web platform. Core stack: BDD, Contract Testing, API Automation, Database Design, C#, AWS, Docker, GitHub Actions, Appium. No formal certifications listed. Comfortable in Agile delivery teams and client-facing environments.",4.3,4.4,4.8,4.9,3.7,3.5,2026-09-10,W2 Hourly,$85-100/hr,4.4,Rolling Off Current Project,Reliable delivery record on recent engagements.
